filename,start,end,class,class_id
20230528_VIGO_00.mp4,1.270634146,1.782986625,hit,0
20230528_VIGO_00.mp4,4.570184107,5.123524784,hit,0
20230528_VIGO_00.mp4,6.435147128,6.906511408,hit,0
20230528_VIGO_00.mp4,6.967993706,7.33688749,hit,0
20230528_VIGO_00.mp4,8.689498033,9.099380016,hit,0
20230528_VIGO_00.mp4,2.459291896,2.951150275,hit,0
20230528_VIGO_00.mp4,11.7431188,12.15300079,hit,0
20230528_VIGO_00.mp4,15.22711566,15.57551534,hit,0
20230528_VIGO_00.mp4,16.35429111,16.74367899,hit,0
20230528_VIGO_00.mp4,18.54715972,19.0595122,hit,0
20230528_VIGO_00.mp4,13.40314083,13.75154052,hit,0
20230528_VIGO_00.mp4,19.18247679,19.61285287,hit,0
20230528_VIGO_00.mp4,10.45199056,10.92335484,hit,0
20230528_VIGO_00.mp4,21.06793391,21.3753454,hit,0
20230528_VIGO_00.mp4,21.60078049,21.94918017,hit,0
20230528_VIGO_00.mp4,22.17461526,22.50252085,hit,0
20230528_VIGO_01.mp4,1.248528718,1.851266719,hit,0
20230528_VIGO_01.mp4,2.195688434,2.712321007,hit,0
20230528_VIGO_01.mp4,3.831691581,4.348324154,hit,0
20230528_VIGO_01.mp4,5.295483871,5.726011015,hit,0
20230528_VIGO_01.mp4,7.448119591,8.093910307,hit,0
20230528_VIGO_01.mp4,8.524437451,8.998017309,hit,0
20230528_VIGO_01.mp4,10.59096774,11.10760031,hit,0
20230528_VIGO_01.mp4,11.19370574,11.53812746,hit,0
20230528_VIGO_01.mp4,12.65749803,13.13107789,hit,0
20230528_VIGO_01.mp4,14.29350118,14.68097561,hit,0
20230528_VIGO_01.mp4,15.19760818,15.58508261,hit,0
20230528_VIGO_01.mp4,15.88645161,16.27392604,hit,0
20230528_VIGO_01.mp4,16.91971676,17.47940205,hit,0
20230528_VIGO_01.mp4,19.20151062,19.76119591,hit,0
20230528_VIGO_01.mp4,20.45003934,20.88056648,hit,0
20230528_VIGO_01.mp4,22.04298977,22.55962234,hit,0
20230528_VIGO_01.mp4,27.16626279,27.68289536,hit,0
20230528_VIGO_01.mp4,24.15257278,24.71225806,hit,0
20230528_VIGO_01.mp4,30.82574351,31.21321794,hit,0
20230528_VIGO_01.mp4,31.29932337,31.90206137,hit,0
20230528_VIGO_01.mp4,32.84922109,33.23669552,hit,0
20230528_VIGO_01.mp4,35.60459481,36.12122738,hit,0
20230528_VIGO_01.mp4,37.88638867,38.35996853,hit,0
20230528_VIGO_01.mp4,39.95291896,40.46955153,hit,0
20230528_VIGO_01.mp4,41.71808025,42.1486074,hit,0
20230528_VIGO_01.mp4,43.00966168,43.48324154,hit,0
20230528_VIGO_01.mp4,44.81787569,45.42061369,hit,0
20230528_VIGO_01.mp4,47.31493312,47.70240755,hit,0
20230528_VIGO_01.mp4,48.60651456,49.16619984,hit,0
20230528_VIGO_01.mp4,49.6397797,50.02725413,hit,0
20230528_VIGO_02.mp4,1.12695719,1.279764944,hit,0
20230528_VIGO_02.mp4,2.273015349,2.50222698,hit,0
20230528_VIGO_02.mp4,2.960650244,3.170760906,hit,0
20230528_VIGO_02.mp4,4.517379243,4.689287967,hit,0
20230528_VIGO_02.mp4,6.570733445,6.780844107,hit,0
20230528_VIGO_02.mp4,7.583084818,7.726342088,hit,0
20230528_VIGO_02.mp4,8.423527468,8.576335223,hit,0
20230528_VIGO_02.mp4,8.604986677,8.757794431,hit,0
20230528_VIGO_03.mp4,8.543068183,8.77758378,hit,0
20230528_VIGO_03.mp4,6.39892558,6.650192291,hit,0
20230528_VIGO_03.mp4,0.770551248,1.021817959,hit,0
20230528_VIGO_03.mp4,1.993382576,2.361907086,hit,0
20230528_VIGO_03.mp4,3.869507353,4.187778521,hit,0
20230528_VIGO_03.mp4,4.338538548,4.539551917,hit,0
20230528_VIGO_03.mp4,4.908076426,5.142592024,hit,0
20230528_VIGO_03.mp4,10.51969964,10.72071301,hit,0
20230528_VIGO_03.mp4,13.09937121,13.28363347,hit,0
20230528_VIGO_03.mp4,11.40750869,11.60852206,hit,0
20230528_VIGO_03.mp4,15.3440205,15.56178498,hit,0
20230528_VIGO_03.mp4,18.37597215,18.54348329,hit,0
20230528_VIGO_03.mp4,16.93537634,17.08613637,hit,0
20230528_VIGO_04.mp4,1.752153123,1.91143977,hit,0
20230528_VIGO_04.mp4,2.830401198,3.014193484,hit,0
20230528_VIGO_04.mp4,3.565570341,3.712604169,hit,0
20230528_VIGO_04.mp4,5.035908625,5.182942454,hit,0
20230528_VIGO_04.mp4,6.690039196,6.89833712,hit,0
20230528_VIGO_04.mp4,8.650490242,8.80977689,hit,0
20230528_VIGO_04.mp4,10.85599767,11.03978996,hit,0
20230528_VIGO_04.mp4,12.79194308,12.93897691,hit,0
20230528_VIGO_05.mp4,0.698813533,0.86704642,hit,0
20230528_VIGO_05.mp4,1.92820771,2.109381589,hit,0
20230528_VIGO_05.mp4,3.856415421,4.050530291,hit,0
20230528_VIGO_05.mp4,5.862269079,6.030501967,hit,0
20230528_VIGO_05.mp4,6.586964595,6.768138474,hit,0
20230528_VIGO_05.mp4,7.868122738,8.049296617,hit,0
20230528_VIGO_05.mp4,9.04575295,9.239867821,hit,0
20230528_VIGO_05.mp4,10.44338002,10.62455389,hit,0
20230528_VIGO_05.mp4,12.06100393,12.29394178,hit,0
20230528_VIGO_06.mp4,0.78951795,1.116215032,hit,0
20230528_VIGO_06.mp4,1.633485413,1.987407253,hit,0
20230528_VIGO_06.mp4,2.53190239,2.88582423,hit,0
20230528_VIGO_06.mp4,3.511993638,3.865915478,hit,0
20230528_VIGO_06.mp4,4.274286831,4.655433427,hit,0
20230528_VIGO_06.mp4,5.118254294,5.390501863,hit,0
20230528_VIGO_06.mp4,6.615615923,6.942313006,hit,0
20230528_VIGO_06.mp4,7.323459602,7.650156685,hit,0
20230528_VIGO_06.mp4,8.085752795,8.439674634,hit,0
20230528_VIGO_06.mp4,8.466899391,8.766371717,hit,0
20230528_VIGO_06.mp4,9.882586749,10.1003848,hit,0
20230528_VIGO_06.mp4,10.64487994,10.91712751,hit,0
20230528_VIGO_06.mp4,12.27836535,12.55061292,hit,0
20230528_VIGO_06.mp4,14.04797455,14.32022212,hit,0
20230528_VIGO_06.mp4,14.67414396,15.00084104,hit,0
20230528_VIGO_06.mp4,15.43643715,15.68145997,hit,0
20230528_VIGO_06.mp4,17.9955643,18.24058711,hit,0
20230528_VIGO_06.mp4,15.76313424,16.06260656,hit,0
20230528_VIGO_06.mp4,20.28244388,20.7724895,hit,0
20230528_VIGO_06.mp4,21.97037881,22.29707589,hit,0
20230528_VIGO_06.mp4,25.26457439,25.56404671,hit,0
20230528_VIGO_06.mp4,24.09390984,24.42060693,hit,0
20230528_VIGO_06.mp4,27.76925202,28.0959491,hit,0
20230528_VIGO_06.mp4,28.31374716,28.61321949,hit,0
20230528_VIGO_06.mp4,29.13048987,29.51163646,hit,0
20230528_VIGO_06.mp4,31.52626847,31.8257408,hit,0
20230528_VIGO_06.mp4,30.54617722,30.90009906,hit,0
20230528_VIGO_07.mp4,1.128870691,1.431246769,hit,0
20230528_VIGO_07.mp4,2.156949356,2.459325434,hit,0
20230528_VIGO_07.mp4,3.1043944,3.346295262,hit,0
20230528_VIGO_07.mp4,4.031681039,4.273581901,hit,0
20230528_VIGO_07.mp4,4.515482763,4.797700436,hit,0
20230528_VIGO_07.mp4,5.644353454,5.926571127,hit,0
20230528_VIGO_07.mp4,7.377976301,7.660193973,hit,0
20230528_VIGO_07.mp4,9.111599147,9.39381682,hit,0
20230528_VIGO_07.mp4,11.14759807,11.38949893,hit,0
20230528_VIGO_07.mp4,13.06264656,13.26423062,hit,0
20230528_VIGO_07.mp4,15.28007114,15.521972,hit,0
20230528_VIGO_07.mp4,16.00577372,16.20735777,hit,0
20230528_VIGO_07.mp4,16.73147631,16.93306036,hit,0
20230528_VIGO_07.mp4,17.25559485,17.4773373,hit,0
20230528_VIGO_07.mp4,18.66668321,18.94890088,hit,0
20230528_VIGO_07.mp4,20.33983084,20.5615733,hit,0
20230528_VIGO_07.mp4,22.53709701,22.73868106,hit,0
20230528_VIGO_08.mp4,0.669406766,0.964733281,hit,0
20230528_VIGO_08.mp4,1.811335956,2.244481511,hit,0
20230528_VIGO_08.mp4,2.520119591,2.97295358,hit,0
20230528_VIGO_08.mp4,4.429897718,4.823666404,hit,0
20230528_VIGO_08.mp4,6.457806452,6.910640441,hit,0
20230528_VIGO_08.mp4,7.442228167,7.77693155,hit,0
20230528_VIGO_08.mp4,8.013192762,8.308519276,hit,0
20230528_VIGO_08.mp4,9.548890637,9.824528718,hit,0
20230528_VIGO_08.mp4,11.43898033,11.75399528,hit,0
20230528_VIGO_08.mp4,13.46688906,13.70315028,hit,0
20230528_VIGO_08.mp4,15.14040598,15.37666719,hit,0
20230528_VIGO_08.mp4,16.95174194,17.20769158,hit,0
20230528_VIGO_08.mp4,17.5030181,17.87709835,hit,0
20230528_VIGO_08.mp4,18.78276633,19.15684658,hit,0
20230528_VIGO_08.mp4,20.73192132,21.20444375,hit,0
20230528_VIGO_09.mp4,0.189834776,0.645438238,hit,0
20230528_VIGO_09.mp4,1.17697561,1.822413847,hit,0
20230528_VIGO_09.mp4,1.898347758,2.391918175,hit,0
20230528_VIGO_09.mp4,3.303125098,3.68279465,hit,0
20230528_VIGO_09.mp4,4.024497246,4.442133753,hit,0
20230528_VIGO_09.mp4,4.821803304,5.315373721,hit,0
20230528_VIGO_09.mp4,5.505208497,6.036745869,hit,0
20230528_VIGO_09.mp4,6.644217152,7.137787569,hit,0
20230528_VIGO_09.mp4,8.846300551,9.377837923,hit,0
20230528_VIGO_09.mp4,10.51684658,10.97245004,hit,0
20230528_VIGO_09.mp4,12.37722738,12.94673171,hit,0
20230528_VIGO_09.mp4,13.47826908,14.08574036,hit,0
20230528_VIGO_09.mp4,16.5915594,17.04716286,hit,0
20230528_VIGO_09.mp4,19.81875059,20.27435405,hit,0
20230528_VIGO_09.mp4,20.31232101,20.80589142,hit,0
20230528_VIGO_09.mp4,21.7550653,22.24863572,hit,0
20230528_VIGO_09.mp4,22.47643745,22.97000787,hit,0
20230528_VIGO_09.mp4,23.42561133,23.9571487,hit,0
20230528_VIGO_09.mp4,24.18495043,24.56461998,hit,0
20230528_VIGO_09.mp4,26.5009347,27.03247207,hit,0
20230528_VIGO_09.mp4,29.08268765,29.65219197,hit,0
20230528_VIGO_09.mp4,29.69015893,30.10779544,hit,0
20230528_VIGO_09.mp4,30.10779544,30.52543194,hit,0
20230528_VIGO_09.mp4,30.98103541,31.36070496,hit,0
20230528_VIGO_09.mp4,31.322738,31.85427537,hit,0
20230528_VIGO_09.mp4,32.04411015,32.4237797,hit,0
20230528_VIGO_09.mp4,33.06921794,33.5248214,hit,0
20230528_VIGO_09.mp4,33.82855704,34.36009441,hit,0
20230528_VIGO_09.mp4,35.42316916,35.80283871,hit,0
20230528_VIGO_09.mp4,38.04288906,38.53645948,hit,0
20230528_VIGO_09.mp4,39.63750118,40.16903855,hit,0
20230528_VIGO_09.mp4,40.35887333,40.8904107,hit,0
20230528_VIGO_09.mp4,42.40908891,43.01656019,hit,0
20230528_VIGO_09.mp4,41.68771676,42.14332022,hit,0
20230528_VIGO_09.mp4,44.26946971,44.68710622,hit,0
20230528_VIGO_10.mp4,0.347862569,0.626152624,hit,0
20230528_VIGO_10.mp4,4.480469887,4.689187428,hit,0
20230528_VIGO_10.mp4,1.405364778,1.66974033,hit,0
20230528_VIGO_10.mp4,5.788433146,6.108466709,hit,0
20230528_VIGO_10.mp4,7.792121542,7.973010078,hit,0
20230528_VIGO_10.mp4,8.64090621,8.835709249,hit,0
20230528_VIGO_10.mp4,8.919196265,9.113999304,hit,0
20230528_VIGO_10.mp4,9.837553447,10.07409999,hit,0
20230528_VIGO_10.mp4,10.57502209,10.83939765,hit,0
20230528_VIGO_10.mp4,11.47946477,11.75775483,hit,0
20230528_VIGO_10.mp4,13.69187071,14.02581878,hit,0
20230528_VIGO_11.mp4,0.194320239,0.971601193,hit,0
20230528_VIGO_11.mp4,1.619335322,2.331842864,hit,0
20230528_VIGO_11.mp4,3.36821747,4.015951599,hit,0
20230528_VIGO_11.mp4,4.404592077,4.987552793,hit,0
20230528_VIGO_11.mp4,6.477341289,7.189848831,hit,0
20230528_VIGO_11.mp4,9.068277805,9.845558759,hit,0
20230528_VIGO_11.mp4,8.096676611,8.614863914,hit,0
20230528_VIGO_11.mp4,10.75238654,11.40012067,hit,0
20230528_VIGO_11.mp4,11.27057384,12.0478548,hit,0
20230528_VIGO_11.mp4,12.17740162,12.69558893,hit,0
20230528_VIGO_11.mp4,16.45244687,17.22972783,hit,0
20230528_VIGO_11.mp4,13.34332306,13.99105718,hit,0
20230528_VIGO_11.mp4,13.66719012,14.31492425,hit,0
20230528_VIGO_11.mp4,14.70356473,15.35129885,hit,0
20230528_VIGO_11.mp4,17.87746196,18.52519609,hit,0
20230528_VIGO_11.mp4,12.5660421,13.01945599,hit,0
20230528_VIGO_11.mp4,19.75589093,20.5979453,hit,0
20230528_VIGO_11.mp4,22.67069451,23.31842864,hit,0
20230528_VIGO_11.mp4,21.43999967,22.15250721,hit,0
20230528_VIGO_11.mp4,23.83661594,24.74344372,hit,0
20230528_VIGO_11.mp4,25.6502715,26.42755246,hit,0
20230528_VIGO_11.mp4,26.6218727,27.33438024,hit,0
20230528_VIGO_11.mp4,27.46392707,28.17643461,hit,0
20230528_VIGO_11.mp4,28.43552826,29.27758263,hit,0
20230528_VIGO_11.mp4,29.86054334,30.76737112,hit,0
20230528_VIGO_11.mp4,31.22078501,31.86851914,hit,0
20230528_VIGO_11.mp4,32.71057351,33.48785446,hit,0
20230528_VIGO_11.mp4,33.42308105,34.07081518,hit,0
20230528_VIGO_11.mp4,34.45945566,35.1719632,hit,0
20230528_VIGO_11.mp4,37.6981263,38.41063384,hit,0
20230528_VIGO_11.mp4,40.80725012,41.51975766,hit,0
20230528_VIGO_11.mp4,43.26863981,43.98114735,hit,0
20230528_VIGO_11.mp4,42.2322652,43.00954616,hit,0
20230528_VIGO_11.mp4,44.49933466,45.2118422,hit,0
20230528_VIGO_11.mp4,45.27661561,45.98912315,hit,0
20230528_VIGO_11.mp4,46.50731046,47.219818,hit,0
20230528_VIGO_11.mp4,49.48688745,50.32894182,hit,0
20230528_VIGO_11.mp4,53.04942516,53.63238587,hit,0
20230528_VIGO_11.mp4,52.07782396,52.91987833,hit,0
20230528_VIGO_11.mp4,51.17099618,51.88350373,hit,0
20230528_VIGO_11.mp4,54.40966683,55.05740096,hit,0
20230528_VIGO_11.mp4,56.41764263,57.19492358,hit,0
20230528_VIGO_11.mp4,58.10175136,58.74948549,hit,0
20230528_VIGO_11.mp4,58.8142589,59.52676645,hit,0
20230528_VIGO_11.mp4,60.75746129,61.53474225,hit,0
20230528_VIGO_11.mp4,60.04495375,60.56314105,hit,0
20230528_VIGO_12.mp4,1.490983478,2.058977183,hit,0
20230528_VIGO_12.mp4,2.79263572,3.407962234,hit,0
20230528_VIGO_12.mp4,4.543949646,5.064610543,hit,0
20230528_VIGO_12.mp4,5.3722738,5.845601888,hit,0
20230528_VIGO_12.mp4,6.153265146,6.626593234,hit,0
20230528_VIGO_12.mp4,7.312918961,7.928245476,hit,0
20230528_VIGO_12.mp4,9.419228954,9.868890637,hit,0
20230528_VIGO_12.mp4,11.54920535,12.04619984,hit,0
20230528_VIGO_12.mp4,14.34184107,14.86250197,hit,0
20230528_VIGO_12.mp4,14.98083399,15.43049567,hit,0
20230528_VIGO_12.mp4,16.42448466,16.80314713,hit,0
20230528_VIGO_12.mp4,19.38278521,19.83244689,hit,0
20230528_VIGO_12.mp4,19.92711251,20.30577498,hit,0
20230528_VIGO_12.mp4,21.01576711,21.4890952,hit,0
20230528_VIGO_12.mp4,24.7077262,25.2520535,hit,0
20230528_VIGO_12.mp4,23.92673485,24.37639654,hit,0
20230528_VIGO_12.mp4,22.43575138,22.88541306,hit,0
20230528_VIGO_12.mp4,26.12771046,26.48270653,hit,0
20230528_VIGO_12.mp4,26.97970102,27.4056963,hit,0
20230528_VIGO_13.mp4,0.36442901,0.74470276,hit,0
20230528_VIGO_13.mp4,2.543080702,2.844130754,hit,0
20230528_VIGO_13.mp4,3.109530142,3.363045975,hit,0
20230528_VIGO_14.mp4,0.079106205,0.573918683,hit,0
20230528_VIGO_14.mp4,1.043990537,1.514062392,hit,0
20230528_VIGO_14.mp4,2.553168596,2.949018579,hit,0
20230528_VIGO_14.mp4,4.309752895,4.804565373,hit,0
20230528_VIGO_14.mp4,8.045587106,8.416696465,hit,0
20230528_VIGO_14.mp4,6.412705928,6.833296534,hit,0
20230528_VIGO_14.mp4,11.06394322,11.48453383,hit,0
20230528_VIGO_14.mp4,11.5587557,11.92986506,hit,0
20230528_VIGO_14.mp4,12.37519629,12.82052752,hit,0
20230528_VIGO_14.mp4,12.99371189,13.36482125,hit,0
20230528_VIGO_14.mp4,14.20600246,14.65133369,hit,0
20230528_VIGO_14.mp4,15.44303366,15.88836489,hit,0
20230528_VIGO_14.mp4,16.03680863,16.43265861,hit,0
20230528_VIGO_14.mp4,18.33768666,18.68405539,hit,0
20230528_VIGO_14.mp4,19.84686472,20.26745532,hit,0
20230528_VIGO_14.mp4,17.59546794,18.01605855,hit,0
20230528_VIGO_14.mp4,23.0384052,23.38477394,hit,0
20230528_VIGO_14.mp4,23.48373643,23.85484579,hit,0
20230528_VIGO_14.mp4,24.30017702,24.74550825,hit,0
20230528_VIGO_14.mp4,24.86921137,25.21558011,hit,0
20230528_VIGO_14.mp4,26.5515738,26.9721644,hit,0
20230528_VIGO_15.mp4,1.766554395,2.381008098,hit,0
20230528_VIGO_15.mp4,2.918655087,3.494705434,hit,0
20230528_VIGO_15.mp4,5.03083969,5.683696749,hit,0
20230528_VIGO_15.mp4,6.52857059,6.989410867,hit,0
20230528_VIGO_15.mp4,9.178402183,9.716049172,hit,0
20230528_VIGO_15.mp4,9.754452529,10.21529281,hit,0
20230528_VIGO_15.mp4,10.44571294,10.98335993,hit,0
20230528_VIGO_15.mp4,13.01873782,13.70999824,hit,0
20230528_VIGO_15.mp4,15.13092243,15.66856942,hit,0
20230528_VIGO_15.mp4,16.35982983,16.85907346,hit,0
20230528_VIGO_15.mp4,18.04957751,18.51041779,hit,0
20230528_VIGO_15.mp4,20.77621582,21.19865274,hit,0
20230528_VIGO_15.mp4,21.5826863,22.08192994,hit,0
20230528_VIGO_15.mp4,22.88840042,23.38764406,hit,0
20230528_VIGO_15.mp4,25.00058502,25.53823201,hit,0
20230528_VIGO_15.mp4,26.65192935,27.18957634,hit,0
20230528_VIGO_15.mp4,27.41999648,27.91924011,hit,0
20230528_VIGO_15.mp4,28.11125689,28.64890388,hit,0
20230528_VIGO_15.mp4,30.14663478,30.60747506,hit,0
20230528_VIGO_15.mp4,31.33713883,31.79797911,hit,0
20230528_VIGO_15.mp4,32.41243281,32.87327309,hit,0
20230528_VIGO_15.mp4,33.25730665,33.71814693,hit,0
20230528_VIGO_15.mp4,33.94856707,34.40940735,hit,0
20230528_VIGO_15.mp4,35.21587783,35.67671811,hit,0
20230528_VIGO_15.mp4,37.21285236,37.67369264,hit,0
20230528_VIGO_15.mp4,37.67369264,38.09612956,hit,0
20230528_VIGO_15.mp4,38.40335641,38.78738998,hit,0
20230528_VIGO_15.mp4,40.01629738,40.51554101,hit,0
20230528_VIGO_15.mp4,40.7075578,41.16839807,hit,0
20230528_VIGO_15.mp4,41.20680143,41.59083499,hit,0
20230528_VIGO_15.mp4,41.74444842,42.2052887,hit,0
20230528_VIGO_15.mp4,44.81671693,45.23915385,hit,0
20230528_VIGO_15.mp4,43.08856589,43.66461624,hit,0
20230528_VIGO_16.mp4,1.266907946,1.676789929,hit,0
20230528_VIGO_16.mp4,2.60833989,2.966055075,hit,0
20230528_VIGO_16.mp4,4.195701023,4.568321007,hit,0
20230528_VIGO_16.mp4,5.90975295,6.073705744,hit,0
20231112_MALMO_06.mp4,0.780739575,1.137649095,hit,0
20231112_MALMO_06.mp4,1.82916129,2.074536585,hit,0
20231112_MALMO_06.mp4,2.654514555,2.899889851,hit,0
20231112_MALMO_06.mp4,3.346026751,3.591402046,hit,0
20231112_MALMO_06.mp4,6.201302911,6.424371361,hit,0
20231112_MALMO_06.mp4,3.948311566,4.215993706,hit,0
20231112_MALMO_06.mp4,4.662130606,4.885199056,hit,0
20231112_MALMO_06.mp4,5.665938631,5.933620771,hit,0
20231112_MALMO_06.mp4,7.450486231,7.740475216,hit,0
20231112_MALMO_06.mp4,9.257340677,9.547329662,hit,0
20231112_MALMO_06.mp4,11.97877577,12.31337844,hit,0
20231112_MALMO_06.mp4,11.30957042,11.57725256,hit,0
20231112_MALMO_06.mp4,12.96027695,13.25026593,hit,0
20231112_MALMO_06.mp4,15.4140299,15.70401888,hit,0
20231112_MALMO_06.mp4,20.36614949,20.58921794,hit,0
20231112_MALMO_06.mp4,18.71544296,19.05004563,hit,0
20231112_MALMO_06.mp4,19.20619355,19.45156884,hit,0
20231112_MALMO_06.mp4,19.89770574,20.18769473,hit,0
20231112_MALMO_06.mp4,22.21761762,22.46299292,hit,0
20231112_MALMO_06.mp4,21.6599465,21.83840126,hit,0
20231112_MALMO_06.mp4,23.28834618,23.55602832,hit,0
20231112_MALMO_06.mp4,25.07289378,25.36288277,hit,0
20231112_MALMO_06.mp4,26.05439496,26.34438395,hit,0
20231112_MALMO_05.mp4,0.765297651,0.987929696,hit,0
20231112_MALMO_05.mp4,1.864543369,2.07326091,hit,0
20231112_MALMO_05.mp4,2.518524998,2.755071545,hit,0
20231112_MALMO_05.mp4,4.410897373,4.64744392,hit,0
20231112_MALMO_05.mp4,6.150210217,6.331098753,hit,0
20231112_MALMO_05.mp4,3.534283699,3.729086738,hit,0
20231112_MALMO_05.mp4,5.551886599,5.704946129,hit,0
20231112_MALMO_05.mp4,7.263370437,7.458173476,hit,0
20231112_MALMO_05.mp4,8.821794746,9.04442679,hit,0
20231112_MALMO_05.mp4,8.279129138,8.473932177,hit,0
20231112_MALMO_05.mp4,10.0880145,10.26890303,hit,0
20231112_MALMO_05.mp4,12.41173646,12.620454,hit,0
20231112_MALMO_05.mp4,14.31802333,14.51282637,hit,0
20231112_MALMO_04.mp4,0.481485445,0.928579072,hit,0
20231112_MALMO_04.mp4,1.719590873,2.1666845,hit,0
20231112_MALMO_04.mp4,3.404789929,3.886275374,hit,0
20231112_MALMO_04.mp4,4.918029898,5.365123525,hit,0
20231112_MALMO_04.mp4,8.15086074,8.597954367,hit,0
20231112_MALMO_04.mp4,6.603228954,7.084714398,hit,0
20231112_MALMO_04.mp4,10.55828796,11.00538159,hit,0
20231112_MALMO_04.mp4,9.90484343,10.31754524,hit,0
20231112_MALMO_04.mp4,9.045047994,9.423357986,hit,0
20231112_MALMO_04.mp4,12.24348702,12.75936428,hit,0
20231112_MALMO_04.mp4,13.27524154,13.72233517,hit,0
20231112_MALMO_04.mp4,15.44192604,15.82023603,hit,0
20231112_MALMO_04.mp4,14.9604406,15.40753423,hit,0
20231112_MALMO_04.mp4,16.23293784,16.71442329,hit,0
20231112_MALMO_04.mp4,17.333476,17.74617781,hit,0
20231112_MALMO_04.mp4,19.36259323,19.84407868,hit,0
20231112_MALMO_04.mp4,21.01340047,21.42610228,hit,0
20231112_MALMO_04.mp4,22.52664044,22.97373407,hit,0
20231112_MALMO_04.mp4,23.0425177,23.38643588,hit,0
20231112_MALMO_04.mp4,23.55839496,24.10866404,hit,0
20231112_MALMO_04.mp4,25.27798584,25.65629583,hit,0
20231112_MALMO_04.mp4,28.82034304,29.3362203,hit,0
20231112_MALMO_04.mp4,27.71980488,28.16689851,hit,0
20231112_MALMO_04.mp4,26.17217309,26.55048308,hit,0
20231112_MALMO_04.mp4,26.86000944,27.34149489,hit,0
20231112_MALMO_04.mp4,31.12459481,31.64047207,hit,0
20231112_MALMO_04.mp4,31.91560661,32.32830842,hit,0
20231112_MALMO_04.mp4,32.53465932,32.98175295,hit,0
20231112_MALMO_04.mp4,30.40236664,30.88385208,hit,0
20231112_MALMO_04.mp4,33.0849284,33.49763021,hit,0
20231112_MALMO_04.mp4,36.55850197,36.97120378,hit,0
20231112_MALMO_04.mp4,34.80451928,35.28600472,hit,0
20231112_MALMO_04.mp4,35.42357199,35.80188198,hit,0
20231112_MALMO_04.mp4,39.79133281,40.30721007,hit,0
20231112_MALMO_04.mp4,37.72782376,38.20930921,hit,0
20231112_MALMO_03.mp4,0.535666404,0.922536585,hit,0
20231112_MALMO_03.mp4,1.547480724,1.993869394,hit,0
20231112_MALMO_03.mp4,3.481831629,3.898461054,hit,0
20231112_MALMO_03.mp4,7.796922109,8.243310779,hit,0
20231112_MALMO_03.mp4,6.189922895,6.576793076,hit,0
20231112_MALMO_03.mp4,5.029312352,5.386423289,hit,0
20231112_MALMO_03.mp4,10.26693942,10.71332809,hit,0
20231112_MALMO_03.mp4,11.81442014,12.23104957,hit,0
20231112_MALMO_03.mp4,12.37984579,12.73695673,hit,0
20231112_MALMO_03.mp4,13.4511786,13.83804878,hit,0
20231112_MALMO_03.mp4,14.96890008,15.35577026,hit,0
20231112_MALMO_03.mp4,16.66517703,17.14132494,hit,0
20231112_MALMO_03.mp4,20.68267506,21.12906373,hit,0
20231112_MALMO_03.mp4,19.49230527,19.76013847,hit,0
20231112_MALMO_03.mp4,22.82534068,23.21221086,hit,0
20231112_MALMO_03.mp4,24.61089536,25.11680252,hit,0
20231112_MALMO_03.mp4,24.13474744,24.55137687,hit,0
20231112_MALMO_03.mp4,25.47391345,25.86078363,hit,0
20231112_MALMO_03.mp4,26.0393391,26.36669079,hit,0
20231112_MALMO_03.mp4,27.19994965,27.49754209,hit,0
20231112_MALMO_03.mp4,26.60476475,26.99163493,hit,0
20231112_MALMO_03.mp4,28.50935641,28.89622659,hit,0
20231112_MALMO_03.mp4,29.66996696,29.99731865,hit,0
20231112_MALMO_03.mp4,34.10409441,34.46120535,hit,0
20231112_MALMO_03.mp4,31.84239182,32.229262,hit,0
20231112_MALMO_03.mp4,33.30059481,33.71722423,hit,0
20231112_MALMO_03.mp4,35.77061212,36.18724154,hit,0
20231112_MALMO_02.mp4,0.73718332,1.243996853,hit,0
20231112_MALMO_02.mp4,2.027254131,2.580141621,hit,0
20231112_MALMO_02.mp4,2.626215578,3.133029111,hit,0
20231112_MALMO_02.mp4,4.607395751,5.068135327,hit,0
20231112_MALMO_02.mp4,3.731990559,4.192730134,hit,0
20231112_MALMO_02.mp4,6.081762392,6.726797797,hit,0
20231112_MALMO_02.mp4,6.957167585,7.510055075,hit,0
20231112_MALMO_02.mp4,9.62945712,10.0901967,hit,0
20231112_MALMO_02.mp4,7.740424862,8.15509048,hit,0
20231112_MALMO_02.mp4,9.030495673,9.537309205,hit,0
20231112_MALMO_02.mp4,11.10382376,11.51848938,hit,0
20231112_MALMO_02.mp4,11.65671125,12.11745083,hit,0
20231112_MALMO_02.mp4,12.53211644,13.13107789,hit,0
20231112_MALMO_02.mp4,15.29655389,16.07981117,hit,0
20231112_MALMO_02.mp4,16.54055075,17.32380803,hit,0
20231112_MALMO_02.mp4,20.73328088,21.33224233,hit,0
20231112_MALMO_02.mp4,19.6275059,20.31861526,hit,0
20231112_MALMO_02.mp4,22.02335169,22.6683871,hit,0
20231112_MALMO_02.mp4,23.03697876,23.58986625,hit,0
20231112_MALMO_02.mp4,24.23490165,24.97208497,hit,0
20231112_MALMO_02.mp4,25.43282455,26.031786,hit,0
20231112_MALMO_02.mp4,26.72289536,27.32185681,hit,0
20231112_MALMO_02.mp4,28.197262,28.8422974,hit,0
20231112_MALMO_02.mp4,29.62555468,30.17844217,hit,0
20231112_MALMO_02.mp4,31.46851298,32.11354839,hit,0
20231112_MALMO_02.mp4,32.98895358,33.58791503,hit,0
20231112_MALMO_02.mp4,34.32509835,35.01620771,hit,0
20231112_MALMO_02.mp4,35.38479937,36.02983478,hit,0
20231112_MALMO_02.mp4,38.10316286,38.51782848,hit,0
20231112_MALMO_02.mp4,37.22775767,37.91886703,hit,0
20231112_MALMO_02.mp4,40.68330448,41.46656176,hit,0
20231112_MALMO_02.mp4,39.53145555,40.03826908,hit,0
20231112_MALMO_02.mp4,43.95455547,44.50744296,hit,0
20231112_MALMO_02.mp4,44.69173879,45.19855232,hit,0
20231112_MALMO_02.mp4,46.35040126,46.90328875,hit,0
20231112_MALMO_02.mp4,45.9818096,46.44254917,hit,0
20231112_MALMO_02.mp4,47.45617624,47.91691581,hit,0
20231112_MALMO_02.mp4,52.57038552,52.89290323,hit,0
20231112_MALMO_02.mp4,48.19335956,48.74624705,hit,0
20231112_MALMO_02.mp4,50.54313139,51.32638867,hit,0
20231112_MALMO_02.mp4,53.86045633,54.41334382,hit,0
20231112_MALMO_02.mp4,52.01749803,52.57038552,hit,0
20231112_MALMO_02.mp4,54.73586153,55.1966011,hit,0
20231112_MALMO_02.mp4,55.5191188,56.02593234,hit,0
20231102_MENORCA_05.mp4,0.652892583,0.989869399,hit,0
20231102_MENORCA_05.mp4,2.632631382,2.969608198,hit,0
20231102_MENORCA_05.mp4,1.748067237,2.127166156,hit,0
20231102_MENORCA_05.mp4,5.560117478,5.960277448,hit,0
20231102_MENORCA_05.mp4,4.022660751,4.338576517,hit,0
20231102_MENORCA_05.mp4,7.223940511,7.497734175,hit,0
20231102_MENORCA_05.mp4,9.79338874,10.17248766,hit,0
20231102_MENORCA_05.mp4,9.287923514,9.624900331,hit,0
20231102_MENORCA_05.mp4,10.80431919,11.0570518,hit,0
20231102_MENORCA_05.mp4,13.26846216,13.68968318,hit,0
20231102_MENORCA_05.mp4,15.03759045,15.33244517,hit,0
20231102_MENORCA_05.mp4,16.74353559,17.01732925,hit,0
20231102_MENORCA_05.mp4,18.55478598,18.84964069,hit,0
20231102_MENORCA_05.mp4,20.36603637,20.72407424,hit,0
20231102_MENORCA_05.mp4,19.71314379,20.0501206,hit,0
20231102_MENORCA_05.mp4,21.12423421,21.41908892,hit,0
20231102_MENORCA_05.mp4,24.17808661,24.47294132,hit,0
20231102_MENORCA_05.mp4,27.29512216,27.56891583,hit,0
20231102_MENORCA_05.mp4,26.51586328,26.74753484,hit,0
20231102_MENORCA_05.mp4,24.87310129,25.12583391,hit,0
20231102_MENORCA_05.mp4,28.62196838,28.85363994,hit,0
20231102_MENORCA_05.mp4,28.20074736,28.47454102,hit,0
20231112_MALMO_01.mp4,0.564604978,0.643022336,hit,0
20231112_MALMO_01.mp4,3.191586471,3.309212508,hit,0
20231112_MALMO_01.mp4,1.66244799,1.772232291,hit,0
20231112_MALMO_01.mp4,4.626624123,4.728566688,hit,0
20231112_MALMO_01.mp4,7.018353542,7.135979579,hit,0
20231112_MALMO_01.mp4,8.563175495,8.680801532,hit,0
20231112_MALMO_01.mp4,9.20619783,9.315982131,hit,0
20231112_MALMO_00.mp4,0.541708895,0.993132975,hit,0
20231112_MALMO_00.mp4,2.016360888,2.377500152,hit,0
20231112_MALMO_00.mp4,5.025854751,5.477278831,hit,0
20231112_MALMO_00.mp4,7.222785271,7.583924535,hit,0
20231112_MALMO_00.mp4,10.4429437,10.83417791,hit,0
20231112_MALMO_00.mp4,8.817817019,9.209051221,hit,0
20231112_MALMO_00.mp4,12.12826027,12.54958941,hit,0
20231112_MALMO_00.mp4,13.60291226,13.99414646,hit,0
20231112_MALMO_00.mp4,15.31832376,15.64936809,hit,0
20231112_MALMO_00.mp4,16.52212131,16.85316563,hit,0
20231112_MALMO_00.mp4,18.68895689,19.05009615,hit,0
20231112_MALMO_00.mp4,20.97617223,21.36740643,hit,0
20231112_MALMO_00.mp4,20.34417851,20.67522284,hit,0
20231112_MALMO_00.mp4,23.71481164,24.13614078,hit,0
20231112_MALMO_00.mp4,22.3605394,22.75177361,hit,0
20231112_MALMO_00.mp4,25.52050796,25.9418371,hit,0
20231112_MALMO_00.mp4,26.483546,26.81459032,hit,0
20231112_MALMO_00.mp4,27.17572958,27.47667897,hit,0
20231112_MALMO_00.mp4,28.37952713,28.68047652,hit,0
20231112_MALMO_00.mp4,31.87054001,32.1714894,hit,0
20231112_MALMO_00.mp4,31.11816654,31.41911593,hit,0
20231112_MALMO_00.mp4,30.06484369,30.45607789,hit,0
20231112_MALMO_00.mp4,32.77338817,33.16462237,hit,0
20231112_MALMO_00.mp4,34.75965412,35.2110782,hit,0
20231102_MENORCA_04.mp4,0.404393389,0.943584574,hit,0
20231102_MENORCA_04.mp4,1.79730395,2.291562536,hit,0
20231102_MENORCA_04.mp4,4.178731683,4.762855467,hit,0
20231102_MENORCA_04.mp4,3.235147109,3.90913609,hit,0
20231102_MENORCA_04.mp4,5.122316256,5.70644004,hit,0
20231102_MENORCA_04.mp4,7.683474385,8.087867773,hit,0
20231102_MENORCA_04.mp4,9.525710933,10.10983472,hit,0
20231102_MENORCA_04.mp4,10.96355409,11.45781268,hit,0
20231102_MENORCA_04.mp4,12.44632985,13.03045363,hit,0
20231102_MENORCA_04.mp4,14.2436338,14.78282499,hit,0
20231102_MENORCA_04.mp4,17.11932012,17.7034439,hit,0
20231102_MENORCA_04.mp4,16.08587035,16.66999413,hit,0
20231102_MENORCA_04.mp4,28.30753721,28.84672839,hit,0
20231102_MENORCA_04.mp4,26.73489625,27.31902003,hit,0
20231102_MENORCA_04.mp4,18.46729808,19.05142187,hit,0
20231102_MENORCA_04.mp4,19.32101746,19.90514124,hit,0
20231102_MENORCA_04.mp4,20.48926503,20.93859101,hit,0
20231102_MENORCA_04.mp4,21.2531192,21.74737779,hit,0
20231102_MENORCA_04.mp4,22.37643417,22.91562536,hit,0
20231102_MENORCA_04.mp4,23.23015355,23.85920993,hit,0
20231102_MENORCA_04.mp4,24.30853592,24.8477271,hit,0
20231102_MENORCA_04.mp4,25.34198569,26.01597467,hit,0
20231102_MENORCA_04.mp4,30.32950415,30.73389754,hit,0
20231102_MENORCA_04.mp4,31.09335833,31.72241471,hit,0
20231102_MENORCA_04.mp4,31.9470777,32.48626889,hit,0
20231102_MENORCA_04.mp4,33.47478606,34.05890985,hit,0
20231102_MENORCA_04.mp4,36.88966357,37.38392215,hit,0
20231102_MENORCA_04.mp4,36.08087679,36.66500057,hit,0
20231102_MENORCA_04.mp4,37.96804594,38.46230452,hit,0
20231102_MENORCA_04.mp4,40.61906926,41.02346265,hit,0
20231102_MENORCA_04.mp4,39.1362935,39.81028248,hit,0
20231102_MENORCA_04.mp4,43.13529479,43.67448598,hit,0
20231102_MENORCA_04.mp4,44.70793575,45.24712693,hit,0
20231102_MENORCA_04.mp4,45.87618331,46.3255093,hit,0
20231102_MENORCA_04.mp4,46.64003749,47.26909388,hit,0
20231102_MENORCA_04.mp4,47.76335246,48.25761105,hit,0
20231102_MENORCA_04.mp4,49.38092602,49.8751846,hit,0
20231102_MENORCA_04.mp4,53.96405109,54.36844448,hit,0
20231102_MENORCA_04.mp4,51.44782556,51.85221895,hit,0
20231102_MENORCA_04.mp4,50.99849957,51.35796036,hit,0
20231102_MENORCA_04.mp4,52.12181454,52.57114053,hit,0
20231102_MENORCA_04.mp4,52.66100572,52.97553392,hit,0
20231102_MENORCA_04.mp4,53.4697925,53.78432069,hit,0
20231102_MENORCA_04.mp4,53.15526431,53.4697925,hit,0
20231102_MENORCA_03.mp4,2.276691264,2.472769938,hit,0
20231102_MENORCA_03.mp4,1.132899002,1.49237657,hit,0
20231102_MENORCA_03.mp4,4.074079105,4.291944297,hit,0
20231102_MENORCA_03.mp4,4.694994904,4.978219655,hit,0
20231102_MENORCA_03.mp4,5.577348935,5.860573685,hit,0
20231102_MENORCA_03.mp4,6.416129927,6.655781639,hit,0
20231102_MENORCA_03.mp4,7.647068266,7.952079536,hit,0
20231102_MENORCA_03.mp4,11.20916417,11.49238892,hit,0
20231102_MENORCA_02.mp4,2.926627834,3.52043638,hit,0
20231102_MENORCA_02.mp4,1.442106469,2.035915015,hit,0
20231102_MENORCA_02.mp4,6.701553591,7.168117448,hit,0
20231102_MENORCA_02.mp4,5.047372641,5.641181187,hit,0
20231102_MENORCA_02.mp4,8.058830268,8.610223917,hit,0
20231102_MENORCA_02.mp4,9.288862256,9.797841009,hit,0
20231102_MENORCA_02.mp4,10.51889424,11.19753258,hit,0
20231102_MENORCA_02.mp4,12.21549009,12.76688374,hit,0
20231102_MENORCA_02.mp4,19.21394795,19.93500119,hit,0
20231102_MENORCA_02.mp4,17.13561804,17.85667128,hit,0
20231102_MENORCA_02.mp4,15.48143709,15.99041585,hit,0
20231102_MENORCA_02.mp4,16.16007543,16.62663929,hit,0
20231102_MENORCA_02.mp4,21.29227786,21.71642683,hit,0
20231102_MENORCA_02.mp4,22.86162902,23.45543757,hit,0
20231102_MENORCA_02.mp4,24.2189057,24.89754404,hit,0
20231102_MENORCA_02.mp4,23.54026736,24.09166101,hit,0
20231102_MENORCA_02.mp4,25.53376748,26.04274623,hit,0
20231102_MENORCA_02.mp4,26.25482071,27.01828884,hit,0
20231102_MENORCA_02.mp4,27.99383146,28.58764,hit,0
20231102_MENORCA_02.mp4,29.6904273,30.15699116,hit,0
20231102_MENORCA_02.mp4,31.25977846,31.81117211,hit,0
20231102_MENORCA_02.mp4,32.40498065,32.87154451,hit,0
20231102_MENORCA_02.mp4,33.38052327,34.01674671,hit,0
20231102_MENORCA_02.mp4,34.1015765,34.56814036,hit,0
20231102_MENORCA_02.mp4,34.94987442,35.58609787,hit,0
20231102_MENORCA_02.mp4,39.27619383,39.78517258,hit,0
20231102_MENORCA_02.mp4,37.53718309,38.08857674,hit,0
20231102_MENORCA_02.mp4,38.34306611,38.80962997,hit,0
20231102_MENORCA_02.mp4,40.59105561,41.05761947,hit,0
20231102_MENORCA_02.mp4,43.94183241,44.53564095,hit,0
20231102_MENORCA_02.mp4,41.90591739,42.37248125,hit,0
20231102_MENORCA_02.mp4,45.51118356,46.10499211,hit,0
20231102_MENORCA_02.mp4,48.14090712,48.56505609,hit,0
20231102_MENORCA_02.mp4,48.64988588,49.28610932,hit,0
20231102_MENORCA_02.mp4,50.04957745,50.5585562,hit,0
20231102_MENORCA_02.mp4,51.40685413,52.12790736,hit,0
20231102_MENORCA_01.mp4,0.457013372,0.875942297,hit,0
20231102_MENORCA_01.mp4,1.561462355,2.208897965,hit,0
20231102_MENORCA_01.mp4,6.360102762,6.779031687,hit,0
20231102_MENORCA_01.mp4,5.065231541,5.636498256,hit,0
20231102_MENORCA_01.mp4,3.808444768,4.341627035,hit,0
20231102_MENORCA_01.mp4,4.455880378,4.836724855,hit,0
20231102_MENORCA_01.mp4,12.98679666,13.44381003,hit,0
20231102_MENORCA_01.mp4,11.69192544,12.07276991,hit,0
20231102_MENORCA_01.mp4,10.7017298,11.19682762,hit,0
20231102_MENORCA_01.mp4,10.09237863,10.58747645,hit,0
20231102_MENORCA_01.mp4,14.43400567,14.96718794,hit,0
20231102_MENORCA_01.mp4,17.63309928,18.09011265,hit,0
20231102_MENORCA_01.mp4,16.68098808,17.06183256,hit,0
20231102_MENORCA_01.mp4,15.15761018,15.5765391,hit,0
20231102_MENORCA_01.mp4,15.99546803,16.41439695,hit,0
20231102_MENORCA_01.mp4,20.33709506,20.87027733,hit,0
20231102_MENORCA_01.mp4,19.53732166,19.99433503,hit,0
20231102_MENORCA_01.mp4,19.00413939,19.46115276,hit,0
20231102_MENORCA_01.mp4,22.88875306,23.42193532,hit,0
20231102_MENORCA_01.mp4,23.8027798,24.48829986,hit,0
20231102_MENORCA_01.mp4,24.98339768,25.51657994,hit,0
20231102_MENORCA_01.mp4,27.0018734,27.45888678,hit,0
20231102_MENORCA_01.mp4,28.10632239,28.63950465,hit,0
20231102_MENORCA_01.mp4,30.2771359,30.69606483,hit,0
20231102_MENORCA_01.mp4,29.74395364,30.20096701,hit,0
20231102_MENORCA_01.mp4,32.37178053,32.86687835,hit,0
20231102_MENORCA_01.mp4,33.6285673,34.12366512,hit,0
20231102_MENORCA_01.mp4,31.91476715,32.37178053,hit,0
20231102_MENORCA_01.mp4,37.39892762,37.7797721,hit,0
20231102_MENORCA_01.mp4,35.34236745,35.72321192,hit,0
20231102_MENORCA_01.mp4,36.1802253,36.67532311,hit,0
20231102_MENORCA_01.mp4,42.19756803,42.61649695,hit,0
20231102_MENORCA_01.mp4,39.49357224,39.87441672,hit,0
20231102_MENORCA_01.mp4,39.91250117,40.36951454,hit,0
20231102_MENORCA_01.mp4,40.59802123,41.0550346,hit,0
20231102_MENORCA_01.mp4,45.01581716,45.39666163,hit,0
20231102_MENORCA_01.mp4,45.43474608,46.04409724,hit,0
20231102_MENORCA_01.mp4,46.23451948,46.76770175,hit,0
20231015_AMSTERDAM_08.mp4,0.643728017,0.923609764,hit,0
20231015_AMSTERDAM_08.mp4,1.651302305,1.931184052,hit,0
20231015_AMSTERDAM_08.mp4,2.546923895,2.826805641,hit,0
20231015_AMSTERDAM_08.mp4,3.288610523,3.596480445,hit,0
20231015_AMSTERDAM_08.mp4,6.199380688,6.465268348,hit,0
20231015_AMSTERDAM_08.mp4,8.508405098,8.76029867,hit,0
20231015_AMSTERDAM_08.mp4,9.306068076,9.543967561,hit,0
20231015_AMSTERDAM_08.mp4,9.851837482,10.10373105,hit,0
20231015_AMSTERDAM_08.mp4,13.14044801,13.32237114,hit,0
20231015_AMSTERDAM_08.mp4,12.53870225,12.80458991,hit,0
20231015_AMSTERDAM_08.mp4,14.45589221,14.72177987,hit,0
20231015_AMSTERDAM_08.mp4,13.9241169,14.14802229,hit,0
20231015_AMSTERDAM_08.mp4,15.15559658,15.37950198,hit,0
20231015_AMSTERDAM_08.mp4,16.77891071,17.04479837,hit,0
20231102_MENORCA_00.mp4,0.119339103,0.676254917,hit,0
20231102_MENORCA_00.mp4,1.233170732,1.591188041,hit,0
20231102_MENORCA_00.mp4,2.068544453,2.466341463,hit,0
20231102_MENORCA_00.mp4,4.733784422,5.290700236,hit,0
20231102_MENORCA_00.mp4,3.540393391,3.8984107,hit,0
20231102_MENORCA_00.mp4,5.131581432,5.648717545,hit,0
20231102_MENORCA_00.mp4,6.364752164,6.802328875,hit,0
20231102_MENORCA_00.mp4,7.39902439,7.876380803,hit,0
20231102_MENORCA_00.mp4,8.433296617,8.870873328,hit,0
20231102_MENORCA_00.mp4,9.785806452,10.18360346,hit,0
20231102_MENORCA_00.mp4,12.64994493,13.16708104,hit,0
20231102_MENORCA_00.mp4,14.83782848,15.31518489,hit,0
20231102_MENORCA_00.mp4,14.12179386,14.47981117,hit,0
20231102_MENORCA_00.mp4,17.26439024,17.70196696,hit,0
20231102_MENORCA_00.mp4,16.54835563,16.94615264,hit,0
20231102_MENORCA_00.mp4,18.21910307,18.69645948,hit,0
20231102_MENORCA_00.mp4,20.60588513,21.16280094,hit,0
20231102_MENORCA_00.mp4,21.60037766,22.11751377,hit,0
20231102_MENORCA_00.mp4,23.11200629,23.4302439,hit,0
20231102_MENORCA_00.mp4,22.71420928,23.11200629,hit,0
20231102_MENORCA_00.mp4,24.54407553,24.94187254,hit,0
20231102_MENORCA_00.mp4,23.62914241,23.94738002,hit,0
20231102_MENORCA_00.mp4,26.09548387,26.45350118,hit,0
20231102_MENORCA_00.mp4,25.77724626,26.13526357,hit,0
20231102_MENORCA_00.mp4,27.88557042,28.40270653,hit,0
20231102_MENORCA_00.mp4,29.47675846,30.03367427,hit,0
20231102_MENORCA_00.mp4,31.94309992,32.38067663,hit,0
20231102_MENORCA_00.mp4,33.09671125,33.49450826,hit,0
20231102_MENORCA_00.mp4,33.93208497,34.40944138,hit,0
20231102_MENORCA_00.mp4,35.48349331,36.00062943,hit,0
20231102_MENORCA_00.mp4,39.54102282,39.93881983,hit,0
20231102_MENORCA_00.mp4,40.09793863,40.53551534,hit,0
20231102_MENORCA_00.mp4,40.97309205,41.45044847,hit,0
20231102_MENORCA_00.mp4,41.72890637,42.12670338,hit,0
20231102_MENORCA_00.mp4,38.22829268,38.50675059,hit,0
20231102_MENORCA_00.mp4,44.43392604,44.87150275,hit,0
20231102_MENORCA_00.mp4,43.08141621,43.55877262,hit,0
20231102_MENORCA_00.mp4,45.78643588,46.18423289,hit,0
20231102_MENORCA_00.mp4,48.37211644,48.84947286,hit,0
20231015_AMSTERDAM_07.mp4,0.381475901,0.742874123,hit,0
20231015_AMSTERDAM_07.mp4,1.305049135,1.646369677,hit,0
20231015_AMSTERDAM_07.mp4,3.071884886,3.473438466,hit,0
20231015_AMSTERDAM_07.mp4,5.280429575,5.661905476,hit,0
20231015_AMSTERDAM_07.mp4,6.224080488,6.565401031,hit,0
20231015_AMSTERDAM_07.mp4,6.946876932,7.227964437,hit,0
20231015_AMSTERDAM_07.mp4,7.669673375,8.010993918,hit,0
20231015_AMSTERDAM_07.mp4,10.07899485,10.38016004,hit,0
20231015_AMSTERDAM_07.mp4,9.556975201,9.878218065,hit,0
20231015_AMSTERDAM_07.mp4,10.90217969,11.1832672,hit,0
20231015_AMSTERDAM_07.mp4,11.44427703,11.70528685,hit,0
20231015_AMSTERDAM_07.mp4,12.22730651,12.50839401,hit,0
20231015_AMSTERDAM_07.mp4,13.63274404,13.87367618,hit,0
20231015_AMSTERDAM_07.mp4,15.11849228,15.33934675,hit,0
20231015_AMSTERDAM_07.mp4,14.59647263,14.89763781,hit,0
20231015_AMSTERDAM_07.mp4,15.74090033,16.08222087,hit,0
20231015_AMSTERDAM_07.mp4,16.74478428,17.02587179,hit,0
20231015_AMSTERDAM_07.mp4,18.17029949,18.43130932,hit,0
20231015_AMSTERDAM_07.mp4,19.91705756,20.21822275,hit,0
20231015_AMSTERDAM_07.mp4,21.84451474,22.18583529,hit,0
20231015_AMSTERDAM_07.mp4,20.94101919,21.20202902,hit,0
20231015_AMSTERDAM_07.mp4,23.29010763,23.6113505,hit,0
20231015_AMSTERDAM_06.mp4,0.634520442,1.035270195,hit,0
20231015_AMSTERDAM_06.mp4,1.970352952,2.25421736,hit,0
20231015_AMSTERDAM_06.mp4,2.67166502,2.972227334,hit,0
20231015_AMSTERDAM_06.mp4,3.339581275,3.690237308,hit,0
20231015_AMSTERDAM_06.mp4,5.126257256,5.493611197,hit,0
20231015_AMSTERDAM_06.mp4,7.630943212,7.898109714,hit,0
20231015_AMSTERDAM_06.mp4,6.578975111,6.796047894,hit,0
20231015_AMSTERDAM_06.mp4,7.096610208,7.380474617,hit,0
20231015_AMSTERDAM_06.mp4,8.649515501,8.88328619,hit,0
20231015_AMSTERDAM_06.mp4,9.050265254,9.30073385,hit,0
20231015_AMSTERDAM_06.mp4,14.19322042,14.54387645,hit,0
20231015_AMSTERDAM_06.mp4,11.65513865,11.92230515,hit,0
20231015_AMSTERDAM_06.mp4,12.25626328,12.5735235,hit,0
20231015_AMSTERDAM_06.mp4,15.66263618,15.89640687,hit,0
20231015_AMSTERDAM_06.mp4,16.83148962,17.11535403,hit,0
20231015_AMSTERDAM_06.mp4,17.96694726,18.26750957,hit,0
20231015_AMSTERDAM_06.mp4,18.6014677,18.8686342,hit,0
20231015_AMSTERDAM_05.mp4,1.173237981,1.605483553,hit,0
20231015_AMSTERDAM_05.mp4,0.24699747,0.679243042,hit,0
20231015_AMSTERDAM_05.mp4,3.921084832,4.445954455,hit,0
20231015_AMSTERDAM_05.mp4,7.039427887,7.440798775,hit,0
20231015_AMSTERDAM_05.mp4,7.440798775,7.842169663,hit,0
20231015_AMSTERDAM_05.mp4,8.120041817,8.490538021,hit,0
20231015_AMSTERDAM_05.mp4,8.521412705,8.922783593,hit,0
20231015_AMSTERDAM_05.mp4,9.169781063,9.509402584,hit,0
20231015_AMSTERDAM_05.mp4,9.509402584,9.849024105,hit,0
20231015_AMSTERDAM_05.mp4,10.03427221,10.37389373,hit,0
20231015_AMSTERDAM_05.mp4,10.71351525,11.11488614,hit,0
20231015_AMSTERDAM_05.mp4,12.19550007,12.56599627,hit,0
20231015_AMSTERDAM_05.mp4,13.49223678,13.92448235,hit,0
20231015_AMSTERDAM_05.mp4,14.9742216,15.43734186,hit,0
20231015_AMSTERDAM_05.mp4,16.20920895,16.57970515,hit,0
20231015_AMSTERDAM_05.mp4,17.90731655,18.37043681,hit,0
20231015_AMSTERDAM_05.mp4,18.49393554,18.86443175,hit,0
20231015_AMSTERDAM_05.mp4,19.26580264,19.75979758,hit,0
20231015_AMSTERDAM_05.mp4,20.25379252,20.71691277,hit,0
20231015_AMSTERDAM_05.mp4,19.72892289,20.22291783,hit,0
20231015_AMSTERDAM_05.mp4,21.6122786,22.07539886,hit,0
20231015_AMSTERDAM_05.mp4,22.90901532,23.27951152,hit,0
20231015_AMSTERDAM_05.mp4,24.73062165,25.16286723,hit,0
20231015_AMSTERDAM_05.mp4,28.55908244,29.08395206,hit,0
20231015_AMSTERDAM_05.mp4,25.47161406,25.99648369,hit,0
20231015_AMSTERDAM_05.mp4,26.89184951,27.26234572,hit,0
20231015_AMSTERDAM_05.mp4,27.60196724,28.03421281,hit,0
20231015_AMSTERDAM_05.mp4,30.7203103,31.0908065,hit,0
20231015_AMSTERDAM_05.mp4,32.01704701,32.4184179,hit,0
20231015_AMSTERDAM_05.mp4,36.18512931,36.61737488,hit,0
20231015_AMSTERDAM_05.mp4,32.69629005,33.06678626,hit,0
20231015_AMSTERDAM_05.mp4,33.83865335,34.14740019,hit,0
20231015_AMSTERDAM_05.mp4,34.51789639,34.85751791,hit,0
20231015_AMSTERDAM_05.mp4,35.0736407,35.4441369,hit,0
20231015_AMSTERDAM_04.mp4,0.670930625,1.073489001,hit,0
20231015_AMSTERDAM_04.mp4,3.596188153,4.052420978,hit,0
20231015_AMSTERDAM_04.mp4,1.851768526,2.173815227,hit,0
20231015_AMSTERDAM_04.mp4,10.06395938,10.38600608,hit,0
20231015_AMSTERDAM_04.mp4,4.750188828,5.045398304,hit,0
20231015_AMSTERDAM_04.mp4,6.19939898,6.548282905,hit,0
20231015_AMSTERDAM_04.mp4,7.21921353,7.568097456,hit,0
20231015_AMSTERDAM_04.mp4,7.809632481,8.185353631,hit,0
20231015_AMSTERDAM_04.mp4,9.258842632,9.607726557,hit,0
20231015_AMSTERDAM_04.mp4,12.42563518,12.85503078,hit,0
20231015_AMSTERDAM_04.mp4,11.54000676,11.88889068,hit,0
20231015_AMSTERDAM_04.mp4,11.08377393,11.40582063,hit,0
20231015_AMSTERDAM_04.mp4,14.86782266,15.24354381,hit,0
20231015_AMSTERDAM_04.mp4,15.99498611,16.31703281,hit,0
20231015_AMSTERDAM_04.mp4,16.77326564,17.12214956,hit,0
20231015_AMSTERDAM_04.mp4,17.90042909,18.19563856,hit,0
20231015_AMSTERDAM_04.mp4,19.67168594,20.07424431,hit,0
20231015_AMSTERDAM_04.mp4,21.68447782,22.08703619,hit,0
20231015_AMSTERDAM_04.mp4,20.36945379,20.74517494,hit,0
20231015_AMSTERDAM_04.mp4,23.64359524,24.12666529,hit,0
20231015_AMSTERDAM_04.mp4,22.97266462,23.32154854,hit,0
20231015_AMSTERDAM_04.mp4,25.28066597,25.71006157,hit,0
20231015_AMSTERDAM_04.mp4,26.83722502,27.13243449,hit,0
20231015_AMSTERDAM_04.mp4,28.5279702,28.9573658,hit,0
20231015_AMSTERDAM_04.mp4,29.14522637,29.4941103,hit,0
20231015_AMSTERDAM_04.mp4,30.0308548,30.43341317,hit,0
20231015_AMSTERDAM_04.mp4,31.4263905,31.7484372,hit,0
20231015_AMSTERDAM_04.mp4,32.15099557,32.4998795,hit,0
20231015_AMSTERDAM_03.mp4,3.857325928,4.427539327,hit,0
20231015_AMSTERDAM_03.mp4,2.750441097,3.186486637,hit,0
20231015_AMSTERDAM_03.mp4,1.006258938,1.475846442,hit,0
20231015_AMSTERDAM_03.mp4,1.811266088,2.347937522,hit,0
20231015_AMSTERDAM_03.mp4,5.333172371,5.869843804,hit,0
20231015_AMSTERDAM_03.mp4,8.486117042,9.056330441,hit,0
20231015_AMSTERDAM_03.mp4,6.540683096,7.043812565,hit,0
20231015_AMSTERDAM_03.mp4,11.20301617,11.60551975,hit,0
20231015_AMSTERDAM_03.mp4,9.827795626,10.26384117,hit,0
20231015_AMSTERDAM_03.mp4,10.63280278,11.00176439,hit,0
20231015_AMSTERDAM_03.mp4,14.18825102,14.72492246,hit,0
20231015_AMSTERDAM_03.mp4,12.57823672,13.18199209,hit,0
20231015_AMSTERDAM_03.mp4,13.04782423,13.48386977,hit,0
20231015_AMSTERDAM_03.mp4,15.69763943,16.06660104,hit,0
20231015_AMSTERDAM_03.mp4,17.57598945,18.01203499,hit,0
20231015_AMSTERDAM_03.mp4,19.4207975,19.85684304,hit,0
20231015_AMSTERDAM_03.mp4,21.26560555,21.83581895,hit,0
20231015_AMSTERDAM_03.mp4,22.84207789,23.34520736,hit,0
20231015_AMSTERDAM_03.mp4,24.41855023,24.8210538,hit,0
20231015_AMSTERDAM_03.mp4,25.65960292,26.12919042,hit,0
20231015_AMSTERDAM_03.mp4,27.77274668,28.27587615,hit,0
20231015_AMSTERDAM_03.mp4,28.98025741,29.48338688,hit,0
20231015_AMSTERDAM_03.mp4,29.78526456,30.2213101,hit,0
20231015_AMSTERDAM_03.mp4,31.16048511,31.59653065,hit,0
20231015_AMSTERDAM_03.mp4,32.70341548,33.24008691,hit,0
20231015_AMSTERDAM_03.mp4,34.21280389,34.64884943,hit,0
20231015_AMSTERDAM_03.mp4,37.03032891,37.43283249,hit,0
20231015_AMSTERDAM_03.mp4,35.58802444,36.02406997,hit,0
20231015_AMSTERDAM_03.mp4,39.78077001,40.25035751,hit,0
20231015_AMSTERDAM_03.mp4,38.07012982,38.47263339,hit,0
20231015_AMSTERDAM_02.mp4,1.720943902,1.979085488,hit,0
20231015_AMSTERDAM_02.mp4,0.499073732,0.791634195,hit,0
20231015_AMSTERDAM_02.mp4,3.992589854,4.250731439,hit,0
20231015_AMSTERDAM_02.mp4,5.11120339,5.334926098,hit,0
20231015_AMSTERDAM_02.mp4,8.656347829,8.931698854,hit,0
20231015_AMSTERDAM_02.mp4,7.58936261,7.899132512,hit,0
20231015_AMSTERDAM_02.mp4,6.746100098,7.038660561,hit,0
20231015_AMSTERDAM_02.mp4,9.826589683,10.10194071,hit,0
20231015_AMSTERDAM_02.mp4,11.5991619,11.9089318,hit,0
20231015_AMSTERDAM_02.mp4,13.78476066,14.12894944,hit,0
20231015_AMSTERDAM_02.mp4,15.76384615,16.12524437,hit,0
20231015_AMSTERDAM_02.mp4,17.00292576,17.22664846,hit,0
20231015_AMSTERDAM_02.mp4,17.69130332,18.00107322,hit,0
20231015_AMSTERDAM_02.mp4,18.75828854,18.98201124,hit,0
20231015_AMSTERDAM_02.mp4,19.92853039,20.13504366,hit,0
20231015_AMSTERDAM_02.mp4,20.0662059,20.28992861,hit,0
20231015_AMSTERDAM_01.mp4,0.42921291,0.732186729,hit,0
20231015_AMSTERDAM_01.mp4,1.615860368,1.893586369,hit,0
20231015_AMSTERDAM_01.mp4,4.645598559,4.973820196,hit,0
20231015_AMSTERDAM_01.mp4,3.686181465,3.989155284,hit,0
20231015_AMSTERDAM_01.mp4,6.892654383,7.321867293,hit,0
20231015_AMSTERDAM_01.mp4,8.129797478,8.584258206,hit,0
20231015_AMSTERDAM_01.mp4,12.75014822,13.12886549,hit,0
20231015_AMSTERDAM_01.mp4,11.71498767,12.09370494,hit,0
20231015_AMSTERDAM_01.mp4,9.846649119,10.22536639,hit,0
20231015_AMSTERDAM_01.mp4,14.03778695,14.41650422,hit,0
20231015_AMSTERDAM_01.mp4,16.33533841,16.71405568,hit,0
20231015_AMSTERDAM_01.mp4,18.27942042,18.63288987,hit,0
20231015_AMSTERDAM_01.mp4,19.11259842,19.44082006,hit,0
20231015_AMSTERDAM_01.mp4,19.71854606,20.07201551,hit,0
20231015_AMSTERDAM_01.mp4,21.00618479,21.33440642,hit,0
20231015_AMSTERDAM_01.mp4,20.22350242,20.50122842,hit,0
20231015_AMSTERDAM_01.mp4,22.31907134,22.69778861,hit,0
20231015_AMSTERDAM_01.mp4,23.48047098,23.83394043,hit,0
20231015_AMSTERDAM_01.mp4,24.31364898,24.71761407,hit,0
20231015_AMSTERDAM_01.mp4,25.34880953,25.7275268,hit,0
20231015_AMSTERDAM_01.mp4,25.77802244,26.05574844,hit,0
20231015_AMSTERDAM_01.mp4,28.22706081,28.58053026,hit,0
20231015_AMSTERDAM_01.mp4,29.4642039,29.84292118,hit,0
20231015_AMSTERDAM_01.mp4,30.47411663,30.85283391,hit,0
20231008_DUITSLAND_06.mp4,1.700355625,2.186171518,hit,0
20231008_DUITSLAND_06.mp4,0.526300551,1.052601101,hit,0
20231008_DUITSLAND_06.mp4,3.60313454,4.088950433,hit,0
20231008_DUITSLAND_06.mp4,5.101066876,5.505913454,hit,0
20231008_DUITSLAND_06.mp4,10.68794965,11.13328088,hit,0
20231008_DUITSLAND_06.mp4,9.999710464,10.52601101,hit,0
20231008_DUITSLAND_06.mp4,6.639483871,7.165784422,hit,0
20231008_DUITSLAND_06.mp4,7.570630999,8.015962234,hit,0
20231008_DUITSLAND_06.mp4,8.299354839,8.785170732,hit,0
20231008_DUITSLAND_06.mp4,9.028078678,9.473409913,hit,0
20231008_DUITSLAND_06.mp4,12.67169788,13.19799843,hit,0
20231008_DUITSLAND_06.mp4,14.49350747,14.89835405,hit,0
20231008_DUITSLAND_06.mp4,16.1938631,16.76064831,hit,0
20231008_DUITSLAND_06.mp4,18.21809599,18.58245791,hit,0
20231008_DUITSLAND_06.mp4,20.03990559,20.64717545,hit,0
20231008_DUITSLAND_06.mp4,21.29492998,21.74026121,hit,0
20231008_DUITSLAND_06.mp4,23.31916286,24.08837136,hit,0
20231008_DUITSLAND_06.mp4,24.97903383,25.5863037,hit,0
20231008_DUITSLAND_06.mp4,29.10846892,29.59428482,hit,0
20231008_DUITSLAND_06.mp4,28.33926042,28.86556098,hit,0
20231008_DUITSLAND_06.mp4,27.85344453,28.29877577,hit,0
20231008_DUITSLAND_06.mp4,33.03548072,33.4403273,hit,0
20231008_DUITSLAND_06.mp4,31.49706373,32.02336428,hit,0
20231008_DUITSLAND_06.mp4,35.86940677,36.314738,hit,0
20231008_DUITSLAND_06.mp4,37.77218568,38.37945555,hit,0
20231008_DUITSLAND_06.mp4,39.55351062,40.07981117,hit,0
20231008_DUITSLAND_06.mp4,41.49677419,42.26598269,hit,0
20231008_DUITSLAND_06.mp4,44.41166955,44.9379701,hit,0
20231008_DUITSLAND_06.mp4,47.85286546,48.50061998,hit,0
20231008_DUITSLAND_06.mp4,49.31031314,49.75564437,hit,0
20231015_AMSTERDAM_00.mp4,1.531091959,1.902026609,hit,0
20231015_AMSTERDAM_00.mp4,2.707033721,3.038507238,hit,0
20231015_AMSTERDAM_00.mp4,3.519933061,3.811945445,hit,0
20231015_AMSTERDAM_00.mp4,5.532450842,5.72186428,hit,0
20231015_AMSTERDAM_00.mp4,4.845827128,5.122055059,hit,0
20231008_DUITSLAND_05.mp4,0.201063732,0.469148707,hit,0
20231008_DUITSLAND_05.mp4,1.20638239,1.54148861,hit,0
20231008_DUITSLAND_05.mp4,3.239360122,3.574466341,hit,0
20231008_DUITSLAND_05.mp4,5.182976195,5.495742,hit,0
20231008_DUITSLAND_05.mp4,7.439358073,7.796804707,hit,0
20231008_DUITSLAND_05.mp4,9.338293317,9.651059122,hit,0
20231008_DUITSLAND_05.mp4,11.37127105,11.70637727,hit,0
20231008_DUITSLAND_05.mp4,14.11914205,14.47658868,hit,0
20231008_DUITSLAND_05.mp4,12.6670151,12.93510007,hit,0
20231008_DUITSLAND_05.mp4,15.28084361,15.52658817,hit,0
20231008_DUITSLAND_05.mp4,16.04041771,16.44254517,hit,0
20231008_DUITSLAND_05.mp4,17.96169337,18.25211876,hit,0
20231008_DUITSLAND_05.mp4,17.29148093,17.58190632,hit,0
20231008_DUITSLAND_05.mp4,21.08935141,21.42445763,hit,0
20231008_DUITSLAND_05.mp4,19.30211824,19.59254363,hit,0
20231008_DUITSLAND_05.mp4,23.07764832,23.32339288,hit,0
20231008_DUITSLAND_05.mp4,22.27339339,22.54147837,hit,0
20231008_DUITSLAND_05.mp4,25.3340302,25.55743434,hit,0
20231008_DUITSLAND_05.mp4,24.5744561,24.8872219,hit,0
20231008_DUITSLAND_04.mp4,1.193290323,1.629859953,hit,0
20231008_DUITSLAND_04.mp4,0.320151062,0.669406766,hit,0
20231008_DUITSLAND_04.mp4,5.06420771,5.442568057,hit,0
20231008_DUITSLAND_04.mp4,3.31792919,3.638080252,hit,0
20231008_DUITSLAND_04.mp4,6.635858379,7.043323367,hit,0
20231008_DUITSLAND_04.mp4,8.003776554,8.353032258,hit,0
20231008_DUITSLAND_04.mp4,12.86425177,13.24261212,hit,0
20231008_DUITSLAND_04.mp4,10.15752006,10.62319434,hit,0
20231008_DUITSLAND_04.mp4,11.61275216,11.99111251,hit,0
20231008_DUITSLAND_04.mp4,14.61053029,14.959786,hit,0
20231008_DUITSLAND_04.mp4,13.32992604,13.70828639,hit,0
20231008_DUITSLAND_04.mp4,15.6582974,15.97844847,hit,0
20231008_DUITSLAND_04.mp4,19.55831943,19.93667978,hit,0
20231008_DUITSLAND_04.mp4,16.93890165,17.25905271,hit,0
20231008_DUITSLAND_04.mp4,17.81204091,18.19040126,hit,0
20231008_DUITSLAND_04.mp4,19.00533124,19.38369158,hit,0
20231008_DUITSLAND_04.mp4,23.07998112,23.42923682,hit,0
20231008_DUITSLAND_04.mp4,21.50833045,21.88669079,hit,0
20231008_DUITSLAND_04.mp4,25.00088749,25.35014319,hit,0
20231008_DUITSLAND_04.mp4,26.19417781,26.48522423,hit,0
20231008_DUITSLAND_04.mp4,24.41879465,24.797155,hit,0
20231008_DUITSLAND_04.mp4,28.49344453,28.81359559,hit,0
20231008_DUITSLAND_04.mp4,31.69495515,32.04421086,hit,0
20231008_DUITSLAND_04.mp4,30.12330448,30.53076947,hit,0
20231008_DUITSLAND_04.mp4,30.64718804,30.9673391,hit,0
20231008_DUITSLAND_04.mp4,33.55765224,33.8778033,hit,0
20231008_DUITSLAND_04.mp4,34.95467506,35.30393076,hit,0
20231008_DUITSLAND_04.mp4,33.96511723,34.40168686,hit,0
20231008_DUITSLAND_04.mp4,34.60541935,34.89646577,hit,0
20231008_DUITSLAND_03.mp4,1.755392604,2.126250197,hit,0
20231008_DUITSLAND_03.mp4,0.642819827,0.939505901,hit,0
20231008_DUITSLAND_03.mp4,4.277224233,4.598634146,hit,0
20231008_DUITSLAND_03.mp4,2.719622345,2.991584579,hit,0
20231008_DUITSLAND_03.mp4,5.958445319,6.304579072,hit,0
20231008_DUITSLAND_03.mp4,6.40347443,6.700160504,hit,0
20231008_DUITSLAND_03.mp4,7.491323367,7.763285602,hit,0
20231008_DUITSLAND_03.mp4,7.961076318,8.282486231,hit,0
20231008_DUITSLAND_03.mp4,9.221992132,9.543402046,hit,0
20231008_DUITSLAND_03.mp4,8.505000787,8.8264107,hit,0
20231008_DUITSLAND_03.mp4,10.5818033,10.90321322,hit,0
20231008_DUITSLAND_03.mp4,13.62283556,13.91952164,hit,0
20231008_DUITSLAND_03.mp4,12.28774823,12.63388198,hit,0
20231008_DUITSLAND_03.mp4,15.82325728,16.14466719,hit,0
20231008_DUITSLAND_03.mp4,17.10889693,17.45503068,hit,0
20231008_DUITSLAND_03.mp4,28.40769158,28.67965382,hit,0
20231008_DUITSLAND_03.mp4,19.30931865,19.68017624,hit,0
20231008_DUITSLAND_03.mp4,20.91636821,21.18833045,hit,0
20231008_DUITSLAND_03.mp4,22.4739701,22.86955153,hit,0
20231008_DUITSLAND_03.mp4,23.63599056,23.93267663,hit,0
20231008_DUITSLAND_03.mp4,25.71279308,26.10837451,hit,0
20231008_DUITSLAND_03.mp4,27.34456648,27.71542408,hit,0
20231008_DUITSLAND_03.mp4,24.40242958,24.77328718,hit,0
20231008_DUITSLAND_02.mp4,6.310369839,6.69870029,hit,0
20231008_DUITSLAND_02.mp4,1.359156581,1.747487032,hit,0
20231008_DUITSLAND_02.mp4,2.297621839,2.68595229,hit,0
20231008_DUITSLAND_02.mp4,3.203726226,3.592056677,hit,0
20231008_DUITSLAND_02.mp4,4.271634968,4.595243677,hit,0
20231008_DUITSLAND_02.mp4,7.993135129,8.316743839,hit,0
20231008_DUITSLAND_02.mp4,11.35866571,11.68227442,hit,0
20231008_DUITSLAND_02.mp4,10.06423087,10.45256132,hit,0
20231008_DUITSLAND_02.mp4,18.51041819,18.89874865,hit,0
20231008_DUITSLAND_02.mp4,13.33267884,13.65628755,hit,0
20231008_DUITSLAND_02.mp4,14.17406148,14.49767019,hit,0
20231008_DUITSLAND_02.mp4,15.047805,15.37141371,hit,0
20231008_DUITSLAND_02.mp4,15.95390939,16.30987897,hit,0
20231008_DUITSLAND_02.mp4,17.2807051,17.66903555,hit,0
20231008_DUITSLAND_02.mp4,20.96984439,21.32581397,hit,0
20231008_DUITSLAND_02.mp4,24.46481845,24.82078803,hit,0
20231008_DUITSLAND_02.mp4,22.55552706,22.8467749,hit,0
20231008_DUITSLAND_02.mp4,23.073301,23.36454884,hit,0
20231008_DUITSLAND_02.mp4,27.79798816,28.15395774,hit,0
20231008_DUITSLAND_02.mp4,26.24466635,26.56827506,hit,0
20231008_DUITSLAND_02.mp4,27.02132726,27.37729684,hit,0
20231008_DUITSLAND_02.mp4,29.54547519,29.8690839,hit,0
20231008_DUITSLAND_02.mp4,30.93699265,31.29296223,hit,0
20231008_DUITSLAND_02.mp4,33.65530581,34.04363626,hit,0
20231008_DUITSLAND_02.mp4,31.3253231,31.58421006,hit,0
20231008_DUITSLAND_02.mp4,37.3444451,37.66805381,hit,0
20231008_DUITSLAND_02.mp4,36.66486681,37.02083639,hit,0
20231008_DUITSLAND_02.mp4,35.62931894,36.05001026,hit,0
20231008_DUITSLAND_02.mp4,38.83304516,39.124293,hit,0
20231008_DUITSLAND_01.mp4,0.532191972,1.123516386,hit,0
20231008_DUITSLAND_01.mp4,1.596575917,2.12876789,hit,0
20231008_DUITSLAND_01.mp4,3.902741131,4.434933104,hit,0
20231008_DUITSLAND_01.mp4,5.262787283,5.794979256,hit,0
20231008_DUITSLAND_01.mp4,8.278541794,8.751601325,hit,0
20231008_DUITSLAND_01.mp4,11.05776654,11.76735584,hit,0
20231008_DUITSLAND_01.mp4,9.934250153,10.46644213,hit,0
20231008_DUITSLAND_01.mp4,12.65434246,13.18653443,hit,0
20231008_DUITSLAND_01.mp4,13.30479931,13.77785884,hit,0
20231008_DUITSLAND_01.mp4,14.13265349,14.66484546,hit,0
20231008_DUITSLAND_01.mp4,15.67009697,16.20228894,hit,0
20231008_DUITSLAND_01.mp4,17.08927556,17.68059997,hit,0
20231008_DUITSLAND_01.mp4,17.73973242,18.39018927,hit,0
20231008_DUITSLAND_01.mp4,19.04064613,19.63197054,hit,0
20231008_DUITSLAND_01.mp4,23.23904946,23.88950632,hit,0
20231008_DUITSLAND_01.mp4,21.81987087,22.47032773,hit,0
20231008_DUITSLAND_01.mp4,25.19042003,25.66347956,hit,0
20231008_DUITSLAND_01.mp4,26.01827421,26.66873106,hit,0
20231008_DUITSLAND_01.mp4,27.1417906,27.79224745,hit,0
20231008_DUITSLAND_01.mp4,32.04978323,32.64110764,hit,0
20231008_DUITSLAND_01.mp4,31.22192905,31.87238591,hit,0
20231008_DUITSLAND_01.mp4,30.63060464,31.10366417,hit,0
20231008_DUITSLAND_01.mp4,36.07078924,36.66211366,hit,0
20231008_DUITSLAND_01.mp4,38.4360869,39.20480864,hit,0
20231008_DUITSLAND_01.mp4,34.53334577,35.18380262,hit,0
20231008_DUITSLAND_01.mp4,33.70549159,34.35594844,hit,0
20231008_DUITSLAND_01.mp4,40.09179526,40.80138456,hit,0
20231008_DUITSLAND_01.mp4,41.92490094,42.5753578,hit,0
20231008_DUITSLAND_01.mp4,43.34407954,43.93540395,hit,0
20231008_DUITSLAND_01.mp4,44.23106616,44.82239057,hit,0
20231008_DUITSLAND_01.mp4,45.59111231,46.24156916,hit,0
20231008_DUITSLAND_01.mp4,46.18243672,46.71462869,hit,0
20231008_DUITSLAND_01.mp4,47.48335043,48.07467485,hit,0
20231008_DUITSLAND_01.mp4,48.96166147,49.61211832,hit,0
20231008_DUITSLAND_01.mp4,50.32170762,50.91303203,hit,0
20231008_DUITSLAND_01.mp4,56.41234908,56.94454105,hit,0
20231008_DUITSLAND_01.mp4,54.81577316,55.28883269,hit,0
20231008_DUITSLAND_01.mp4,53.69225678,54.28358119,hit,0
20231008_DUITSLAND_01.mp4,52.98266748,53.57399189,hit,0
20231008_DUITSLAND_01.mp4,51.91828354,52.50960795,hit,0
20231008_DUITSLAND_01.mp4,59.84203068,60.4333551,hit,0
20231008_DUITSLAND_01.mp4,58.7185143,59.30983871,hit,0
20231008_DUITSLAND_01.mp4,57.41760058,57.94979256,hit,0
20231008_DUITSLAND_01.mp4,62.02993101,62.56212299,hit,0
20231008_DUITSLAND_01.mp4,62.56212299,63.03518252,hit,0
20231008_DUITSLAND_01.mp4,63.21257984,63.62650693,hit,0
20231008_DUITSLAND_01.mp4,64.69089087,65.10481796,hit,0
20231008_DUITSLAND_01.mp4,65.28221529,65.75527482,hit,0
20231008_DUITSLAND_01.mp4,66.34659923,66.87879121,hit,0
20231008_DUITSLAND_01.mp4,67.64751294,68.23883736,hit,0
20231008_DUITSLAND_01.mp4,69.48061863,70.07194304,hit,0
20231008_DUITSLAND_01.mp4,71.78678384,72.4372407,hit,0
20231008_DUITSLAND_01.mp4,73.38335976,73.97468417,hit,0
20231008_DUITSLAND_01.mp4,72.85116779,73.38335976,hit,0
20231008_DUITSLAND_00.mp4,4.775141909,5.262401287,hit,0
20231008_DUITSLAND_00.mp4,3.215911898,3.703171276,hit,0
20231008_DUITSLAND_00.mp4,2.387570954,2.874830333,hit,0
20231008_DUITSLAND_00.mp4,1.023244695,1.607955949,hit,0
20231008_DUITSLAND_00.mp4,8.234683496,8.916846625,hit,0
20231008_DUITSLAND_00.mp4,7.698698179,8.283409434,hit,0
20231008_DUITSLAND_00.mp4,9.452831942,10.0375432,hit,0
20231008_DUITSLAND_00.mp4,12.81492165,13.35090697,hit,0
20231008_DUITSLAND_00.mp4,13.78944041,14.37415166,hit,0
20231008_DUITSLAND_00.mp4,11.40186946,11.98658071,hit,0
20231008_DUITSLAND_00.mp4,15.4461223,15.88465574,hit,0
20231008_DUITSLAND_00.mp4,25.92219893,26.45818425,hit,0
20231008_DUITSLAND_00.mp4,25.38621362,25.77602112,hit,0
20231008_DUITSLAND_00.mp4,23.97316142,24.4604208,hit,0
20231008_DUITSLAND_00.mp4,21.82922015,22.26775359,hit,0
20231008_DUITSLAND_00.mp4,20.95215327,21.39068671,hit,0
20231008_DUITSLAND_00.mp4,20.17253827,20.61107171,hit,0
20231008_DUITSLAND_00.mp4,19.49037514,19.92890858,hit,0
20231008_DUITSLAND_00.mp4,18.75948607,19.19801951,hit,0
20231008_DUITSLAND_00.mp4,17.97987106,18.41840451,hit,0
20231008_DUITSLAND_00.mp4,27.91996238,28.35849583,hit,0
20231008_DUITSLAND_00.mp4,26.94544363,27.33525113,hit,0
20231008_DUITSLAND_00.mp4,29.33301458,29.82027396,hit,0
20231008_DUITSLAND_00.mp4,30.79479272,31.2820521,hit,0
20231008_DUITSLAND_00.mp4,38.34731308,38.8832984,hit,0
20231008_DUITSLAND_00.mp4,37.17789058,37.61642402,hit,0
20231008_DUITSLAND_00.mp4,36.59317932,37.03171276,hit,0
20231008_DUITSLAND_00.mp4,35.37503087,35.76483838,hit,0
20231008_DUITSLAND_00.mp4,32.93873398,33.42599336,hit,0
20231008_DUITSLAND_00.mp4,34.49796399,34.93649743,hit,0
20231008_DUITSLAND_00.mp4,32.25657085,32.69510429,hit,0
20231008_DUITSLAND_00.mp4,40.39380247,40.88106185,hit,0
20231008_DUITSLAND_00.mp4,42.24538811,42.63519561,hit,0
20231008_DUITSLAND_00.mp4,43.95079594,44.48678125,hit,0
20231008_DUITSLAND_00.mp4,48.77466378,49.16447128,hit,0
20231008_DUITSLAND_00.mp4,47.31288565,47.80014503,hit,0
20231008_DUITSLAND_00.mp4,45.99728532,46.38709283,hit,0
20231008_DUITSLAND_00.mp4,52.13675349,52.57528693,hit,0
20231008_DUITSLAND_00.mp4,50.28516786,50.77242723,hit,0
20231008_DUITSLAND_00.mp4,54.91413195,55.40139133,hit,0
20231008_DUITSLAND_00.mp4,55.69374696,56.18100633,hit,0
20231008_DUITSLAND_00.mp4,58.47112541,59.00711073,hit,0
20231008_DUITSLAND_00.mp4,57.69151041,58.17876979,hit,0
20230927_MADRID_10.mp4,5.028691291,5.40466821,hit,0
20230927_MADRID_10.mp4,3.57178073,3.900760534,hit,0
20230927_MADRID_10.mp4,2.913821122,3.242800926,hit,0
20230927_MADRID_10.mp4,2.114870169,2.443849973,hit,0
20230927_MADRID_10.mp4,1.409913446,1.785890365,hit,0
20230927_MADRID_10.mp4,0.328979804,0.798950953,hit,0
20230927_MADRID_10.mp4,6.767584541,7.190558575,hit,0
20230927_MADRID_10.mp4,9.305428744,9.775399893,hit,0
20230927_MADRID_10.mp4,7.754523954,8.130500873,hit,0
20230927_MADRID_10.mp4,10.57435085,10.95032776,hit,0
20230927_MADRID_10.mp4,12.50123256,12.83021236,hit,0
20230927_MADRID_10.mp4,11.51429314,11.98426429,hit,0
20230927_MADRID_10.mp4,16.02601617,16.49598732,hit,0
20230927_MADRID_10.mp4,14.75709407,15.1800681,hit,0
20230927_MADRID_10.mp4,14.28712292,14.61610272,hit,0
20230927_MADRID_10.mp4,17.95289788,18.51686326,hit,0
20230927_MADRID_10.mp4,20.02077093,20.44374497,hit,0
20230927_MADRID_10.mp4,22.37062668,22.88759494,hit,0
20230927_MADRID_10.mp4,21.8066613,22.27663245,hit,0
20230927_MADRID_10.mp4,24.10951993,24.53249396,hit,0
20230927_MADRID_10.mp4,28.01028046,28.4332545,hit,0
20230927_MADRID_10.mp4,26.27138721,26.74135836,hit,0
20230927_MADRID_10.mp4,30.50112755,30.92410158,hit,0
20230927_MADRID_10.mp4,31.86404388,32.33401503,hit,0
20230927_MADRID_10.mp4,34.40188808,34.82486212,hit,0
20230927_MADRID_10.mp4,35.67081019,36.04678711,hit,0
20230927_MADRID_10.mp4,37.50369767,37.87967459,hit,0
20230927_MADRID_10.mp4,38.67862554,39.10159957,hit,0
20230927_MADRID_10.mp4,39.94754764,40.41751879,hit,0
20230927_MADRID_10.mp4,43.84830817,44.22428509,hit,0
20230927_MADRID_10.mp4,42.72037742,43.09635434,hit,0
20230927_MADRID_10.mp4,42.15641204,42.53238896,hit,0
20230927_MADRID_10.mp4,41.68644089,42.01542069,hit,0
20230927_MADRID_10.mp4,45.07023316,45.44621008,hit,0
20230927_MADRID_10.mp4,46.62113795,47.04411199,hit,0
20230927_MADRID_10.mp4,48.50102255,48.87699946,hit,0
20230927_MADRID_10.mp4,52.73076288,53.1067398,hit,0
20230927_MADRID_10.mp4,51.41484367,51.88481482,hit,0
20230927_MADRID_10.mp4,51.03886675,51.41484367,hit,0
20230927_MADRID_10.mp4,55.3156042,55.73857824,hit,0
20230927_MADRID_10.mp4,56.16155227,56.5845263,hit,0
20230927_MADRID_09.mp4,0.501224219,0.668298958,hit,0
20230927_MADRID_09.mp4,1.522236516,1.735720906,hit,0
20230927_MADRID_09.mp4,2.153407755,2.329764424,hit,0
20230927_MADRID_09.mp4,3.341494792,3.582824971,hit,0
20230927_MADRID_09.mp4,4.975114467,5.188598857,hit,0
20230927_MADRID_09.mp4,6.924319762,7.137804152,hit,0
20230927_MADRID_08.mp4,1.123902439,1.335389457,hit,0
20230927_MADRID_08.mp4,0.102722266,0.265869394,hit,0
20230927_MADRID_08.mp4,1.842958301,2.08465775,hit,0
20230927_MADRID_08.mp4,2.531801731,2.785586153,hit,0
20230927_MADRID_08.mp4,3.075625492,3.371707317,hit,0
20230927_MADRID_08.mp4,4.465397325,4.664799371,hit,0
20230927_MADRID_07.mp4,3.514863864,3.999672673,hit,0
20230927_MADRID_07.mp4,2.302841842,2.666448448,hit,0
20230927_MADRID_07.mp4,1.414025692,1.858433767,hit,0
20230927_MADRID_07.mp4,0.444408075,0.888816149,hit,0
20230927_MADRID_07.mp4,8.322551218,8.726558559,hit,0
20230927_MADRID_07.mp4,7.231731398,7.676139473,hit,0
20230927_MADRID_07.mp4,6.504518185,7.029727728,hit,0
20230927_MADRID_07.mp4,5.696503504,6.100510844,hit,0
20230927_MADRID_07.mp4,12.12022022,12.52422756,hit,0
20230927_MADRID_07.mp4,10.46379012,10.9081982,hit,0
20230927_MADRID_07.mp4,15.63508408,16.03909142,hit,0
20230927_MADRID_07.mp4,15.10987454,15.51388188,hit,0
20230927_MADRID_07.mp4,13.97865399,14.30185986,hit,0
20230927_MADRID_07.mp4,17.12991124,17.57431932,hit,0
20230927_MADRID_07.mp4,18.46313547,18.90754354,hit,0
20230927_MADRID_07.mp4,19.14994795,19.55395529,hit,0
20230927_MADRID_07.mp4,20.68517584,21.12958392,hit,0
20230927_MADRID_07.mp4,24.11923824,24.48284485,hit,0
20230927_MADRID_07.mp4,22.54360961,22.94761695,hit,0
20230927_MADRID_07.mp4,25.69486687,26.13927494,hit,0
20230927_MADRID_07.mp4,27.47249917,27.87650651,hit,0
20230927_MADRID_07.mp4,28.88652486,29.2905322,hit,0
20230927_MADRID_07.mp4,29.85614248,30.30055055,hit,0
20230927_MADRID_07.mp4,31.1893667,31.55297331,hit,0
20230927_MADRID_07.mp4,34.94663497,35.35064231,hit,0
20230927_MADRID_07.mp4,35.83545112,36.23945846,hit,0
20230927_MADRID_07.mp4,37.45148048,37.93628929,hit,0
20230927_MADRID_07.mp4,39.10791058,39.55231865,hit,0
20230927_MADRID_07.mp4,39.99672673,40.40073407,hit,0
20230927_MADRID_07.mp4,41.57235536,41.93596196,hit,0
20230927_MADRID_07.mp4,44.40040674,44.76401335,hit,0
20230927_MADRID_07.mp4,34.25982249,34.70423056,hit,0
20230927_MADRID_07.mp4,33.53260928,33.81541441,hit,0
20230927_MADRID_07.mp4,33.04780047,33.37100634,hit,0
20230927_MADRID_07.mp4,32.48219019,32.8457968,hit,0
20230927_MADRID_07.mp4,31.99738138,32.28018652,hit,0
20230927_MADRID_07.mp4,31.71457624,31.99738138,hit,0
20230927_MADRID_07.mp4,48.56168235,48.96568969,hit,0
20230927_MADRID_07.mp4,48.07687354,48.44048015,hit,0
20230927_MADRID_07.mp4,46.86485152,47.26885886,hit,0
20230927_MADRID_06.mp4,0.798279559,1.097634394,hit,0
20230927_MADRID_06.mp4,1.875956965,2.135397821,hit,0
20230927_MADRID_06.mp4,3.093333293,3.292903183,hit,0
20230927_MADRID_06.mp4,3.831741885,4.111139731,hit,0
20230927_MADRID_06.mp4,5.408344015,5.647827883,hit,0
20230927_MADRID_06.mp4,6.226580563,6.505978409,hit,0
20230927_MADRID_06.mp4,7.244387002,7.503827858,hit,0
20230927_MADRID_06.mp4,8.601462253,8.84094612,hit,0
20230927_MADRID_06.mp4,9.579354713,9.858752559,hit,0
20230927_MADRID_06.mp4,11.45531168,11.65488157,hit,0
20230927_MADRID_06.mp4,10.6969461,10.97634394,hit,0
20230927_MADRID_06.mp4,12.45316113,12.65273102,hit,0
20230927_MADRID_06.mp4,15.4067955,15.64627936,hit,0
20230927_MADRID_06.mp4,16.50442989,16.72395677,hit,0
20230927_MADRID_06.mp4,17.90141912,18.16085998,hit,0
20230927_MADRID_06.mp4,13.67053745,13.92997831,hit,0
20230927_MADRID_06.mp4,18.59991373,18.8393976,hit,0
20230927_MADRID_06.mp4,20.33617178,20.53574167,hit,0
20230927_MADRID_06.mp4,21.27415026,21.53359111,hit,0
20230927_MADRID_06.mp4,19.69754813,19.97694597,hit,0
20230927_MADRID_05.mp4,0.690857592,1.011612903,hit,0
20230927_MADRID_05.mp4,1.579103068,1.899858379,hit,0
20230927_MADRID_05.mp4,2.442675059,2.738756884,hit,0
20230927_MADRID_05.mp4,3.35559402,3.602328875,hit,0
20230927_MADRID_05.mp4,6.069677419,6.341085759,hit,0
20230927_MADRID_05.mp4,5.354146341,5.57620771,hit,0
20230927_MADRID_05.mp4,7.47606609,7.7968214,hit,0
20230927_MADRID_05.mp4,11.44849725,11.76925256,hit,0
20230927_MADRID_05.mp4,9.400597954,9.672006294,hit,0
20230927_MADRID_05.mp4,13.64443745,13.96519276,hit,0
20230927_MADRID_05.mp4,12.90423289,13.15096774,hit,0
20230927_MADRID_05.mp4,14.33529504,14.63137687,hit,0
20230927_MADRID_05.mp4,15.91439811,16.16113297,hit,0
20230927_MADRID_05.mp4,17.22209284,17.46882769,hit,0
20230927_MADRID_05.mp4,18.89988985,19.19597168,hit,0
20230927_MADRID_05.mp4,22.30483084,22.5515657,hit,0
20230927_MADRID_05.mp4,20.57768686,20.8490952,hit,0
20230927_MADRID_05.mp4,21.34256491,21.61397325,hit,0
20230927_MADRID_05.mp4,23.63719906,23.9086074,hit,0
20230927_MADRID_05.mp4,24.50077105,24.77217939,hit,0
20230927_MADRID_05.mp4,25.48771046,25.73444532,hit,0
20230927_MADRID_05.mp4,26.32660897,26.57334382,hit,0
20230927_MADRID_05.mp4,27.68365067,27.90571204,hit,0
20230927_MADRID_05.mp4,28.44852872,28.71993706,hit,0
20230927_MADRID_05.mp4,26.77073171,27.04214005,hit,0
20230927_MADRID_05.mp4,27.31354839,27.56028324,hit,0
20230927_MADRID_05.mp4,28.15244689,28.39918175,hit,0
20230927_MADRID_05.mp4,29.1640598,29.38612116,hit,0
20230927_MADRID_04.mp4,0.760597954,0.987442958,hit,0
20230927_MADRID_04.mp4,2.014917388,2.388544453,hit,0
20230927_MADRID_04.mp4,4.016490952,4.36343037,hit,0
20230927_MADRID_04.mp4,6.578505114,6.912100708,hit,0
20230927_MADRID_04.mp4,5.644437451,5.871282455,hit,0
20230927_MADRID_04.mp4,7.992950433,8.313202203,hit,0
20230927_MADRID_04.mp4,10.47490165,10.79515342,hit,0
20230927_MADRID_04.mp4,9.79436664,9.994523997,hit,0
20230927_MADRID_04.mp4,12.71666404,12.99688434,hit,0
20230927_MADRID_04.mp4,14.85167585,15.09186467,hit,0
20230927_MADRID_03.mp4,0.287974823,0.699367427,hit,0
20230927_MADRID_03.mp4,3.373419355,3.784811959,hit,0
20230927_MADRID_03.mp4,1.604431157,1.9746845,hit,0
20230927_MADRID_03.mp4,4.895571991,5.265825334,hit,0
20230927_MADRID_03.mp4,8.351269866,8.68038395,hit,0
20230927_MADRID_03.mp4,7.240509835,7.651902439,hit,0
20230927_MADRID_03.mp4,9.750004721,10.16139732,hit,0
20230927_MADRID_03.mp4,10.12025806,10.40823289,hit,0
20230927_MADRID_03.mp4,10.69620771,11.02532179,hit,0
20230927_MADRID_03.mp4,11.76582848,12.09494256,hit,0
20230927_MADRID_03.mp4,13.86393076,14.15190559,hit,0
20230927_MADRID_03.mp4,14.60443745,14.89241227,hit,0
20230927_MADRID_03.mp4,15.797476,16.12659009,hit,0
20230927_MADRID_03.mp4,21.1044406,21.5158332,hit,0
20230927_MADRID_03.mp4,20.07595909,20.40507317,hit,0
20230927_MADRID_03.mp4,19.41773092,19.82912352,hit,0
20230927_MADRID_03.mp4,18.26583163,18.59494571,hit,0
20230927_MADRID_03.mp4,17.3607679,17.73102124,hit,0
20230927_MADRID_03.mp4,23.16140362,23.57279622,hit,0
20230927_MADRID_03.mp4,23.98418883,24.39558143,hit,0
20230927_MADRID_03.mp4,24.8481133,25.17722738,hit,0
20230927_MADRID_03.mp4,25.4652022,25.87659481,hit,0
20230927_MADRID_03.mp4,28.18039339,28.55064673,hit,0
20230927_MADRID_03.mp4,35.37976397,35.75001731,hit,0
20230927_MADRID_03.mp4,30.44305271,30.85444532,hit,0
20230927_MADRID_03.mp4,31.22469866,31.59495201,hit,0
20230927_MADRID_03.mp4,32.17090165,32.541155,hit,0
20230927_MADRID_03.mp4,33.44621873,33.77533281,hit,0
20230927_MADRID_03.mp4,38.91774036,39.28799371,hit,0
20230927_MADRID_03.mp4,39.57596853,39.94622187,hit,0
20230927_MADRID_03.mp4,40.439893,40.76900708,hit,0
20230927_MADRID_03.mp4,40.93356412,41.26267821,hit,0
20230927_MADRID_03.mp4,42.12660268,42.57913454,hit,0
20230927_MADRID_03.mp4,43.52533753,43.85445161,hit,0
20230927_MADRID_03.mp4,49.77850511,50.1076192,hit,0
20230927_MADRID_03.mp4,49.36711251,49.69622659,hit,0
20230927_MADRID_03.mp4,48.25635248,48.62660582,hit,0
20230927_MADRID_03.mp4,47.76268135,48.09179544,hit,0
20230927_MADRID_03.mp4,46.81647836,47.22787097,hit,0
20230927_MADRID_03.mp4,46.40508576,46.73419984,hit,0
20230927_MADRID_03.mp4,45.82913611,46.24052872,hit,0
20230927_MADRID_03.mp4,45.25318647,45.58230055,hit,0
20230927_MADRID_02.mp4,0.055641227,0.296753208,hit,0
20230927_MADRID_02.mp4,1.298295287,1.650689722,hit,0
20230927_MADRID_02.mp4,3.338473596,3.709415106,hit,0
20230927_MADRID_02.mp4,4.35856275,4.673863034,hit,0
20230927_MADRID_02.mp4,5.805234641,6.120534925,hit,0
20230927_MADRID_02.mp4,6.769682569,7.159171155,hit,0
20230927_MADRID_02.mp4,8.067977856,8.457466442,hit,0
20230927_MADRID_02.mp4,9.533196823,9.829950031,hit,0
20230927_MADRID_02.mp4,21.03238365,21.32913686,hit,0
20230927_MADRID_02.mp4,18.50998138,18.80673459,hit,0
20230927_MADRID_02.mp4,17.41570392,17.71245713,hit,0
20230927_MADRID_02.mp4,16.56253845,16.91493288,hit,0
20230927_MADRID_02.mp4,15.26424316,15.56099637,hit,0
20230927_MADRID_02.mp4,14.59654844,14.89330165,hit,0
20230927_MADRID_02.mp4,13.61355344,13.89175957,hit,0
20230927_MADRID_02.mp4,12.87167042,13.16842363,hit,0
20230927_MADRID_02.mp4,12.31525815,12.53782306,hit,0
20230927_MADRID_02.mp4,11.35081023,11.59192221,hit,0
20230927_MADRID_02.mp4,10.12670324,10.40490937,hit,0
20230927_MADRID_01.mp4,7.204993478,7.703800718,hit,0
20230927_MADRID_01.mp4,5.209764515,5.763994782,hit,0
20230927_MADRID_01.mp4,3.214535552,3.824188846,hit,0
20230927_MADRID_01.mp4,2.05065199,2.604882257,hit,0
20230927_MADRID_01.mp4,1.219306589,1.718113829,hit,0
20230927_MADRID_01.mp4,0.221692107,0.665076321,hit,0
20230927_MADRID_01.mp4,8.147184932,8.590569146,hit,0
20230927_MADRID_01.mp4,8.978530334,9.477337574,hit,0
20230927_MADRID_01.mp4,10.30868298,10.86291324,hit,0
20230927_MADRID_01.mp4,12.0267968,12.41475799,hit,0
20230927_MADRID_01.mp4,12.85814221,13.30152642,hit,0
20230927_MADRID_01.mp4,13.57864155,13.96660274,hit,0
20230927_MADRID_01.mp4,16.18352381,16.62690803,hit,0
20230927_MADRID_01.mp4,23.27767124,23.72105545,hit,0
20230927_MADRID_01.mp4,21.44871135,21.94751859,hit,0
20230927_MADRID_01.mp4,19.73059752,20.11855871,hit,0
20230927_MADRID_01.mp4,18.73298304,19.23179028,hit,0
20230927_MADRID_01.mp4,27.37897521,27.87778246,hit,0
20230927_MADRID_01.mp4,25.71628441,26.27051468,hit,0
20230927_MADRID_01.mp4,33.14297,33.58635421,hit,0
20230927_MADRID_01.mp4,32.03450946,32.5333167,hit,0
20230927_MADRID_01.mp4,30.53808774,30.92604893,hit,0
20230927_MADRID_01.mp4,30.20554958,30.64893379,hit,0
20230927_MADRID_01.mp4,29.48505023,29.92843445,hit,0
20230927_MADRID_01.mp4,28.70912786,29.15251207,hit,0
20230927_MADRID_01.mp4,36.13581344,36.52377463,hit,0
20230927_MADRID_01.mp4,38.51900359,39.01781083,hit,0
20230927_MADRID_01.mp4,39.23950294,39.73831018,hit,0
20230927_MADRID_01.mp4,41.29015493,41.78896217,hit,0
20230927_MADRID_01.mp4,45.7794201,46.27822734,hit,0
20230927_MADRID_01.mp4,43.67334508,44.11672929,hit,0
20230927_MADRID_01.mp4,47.27584182,47.71922603,hit,0
20230927_MADRID_01.mp4,54.42541227,54.86879648,hit,0
20230927_MADRID_01.mp4,53.20610568,53.64948989,hit,0
20230927_MADRID_01.mp4,51.04460764,51.48799185,hit,0
20230927_MADRID_01.mp4,50.49037737,50.87833856,hit,0
20230927_MADRID_01.mp4,52.31933725,52.65187541,hit,0
20230927_MADRID_01.mp4,57.08571755,57.58452479,hit,0
20230927_MADRID_01.mp4,66.28593999,66.72932421,hit,0
20230927_MADRID_01.mp4,65.6762867,66.06424789,hit,0
20230927_MADRID_01.mp4,63.57021168,64.0135959,hit,0
20230927_MADRID_01.mp4,62.73886628,63.29309655,hit,0
20230927_MADRID_01.mp4,61.79667483,62.29548207,hit,0
20230927_MADRID_01.mp4,61.13159851,61.57498272,hit,0
20230927_MADRID_01.mp4,60.46652218,60.9099064,hit,0
20230927_MADRID_01.mp4,59.74602284,60.24483008,hit,0
20230927_MADRID_01.mp4,58.80383138,59.30263862,hit,0
20230927_MADRID_00.mp4,3.19043273,3.480472069,hit,0
20230927_MADRID_00.mp4,1.740236035,2.066530291,hit,0
20230927_MADRID_00.mp4,1.087647522,1.413941778,hit,0
20230927_MADRID_00.mp4,0.108764752,0.471313926,hit,0
20230927_MADRID_00.mp4,5.909551534,6.235845791,hit,0
20230927_MADRID_00.mp4,4.495609756,4.821904013,hit,0
20230927_MADRID_00.mp4,6.562140047,6.852179386,hit,0
20230927_MADRID_00.mp4,7.794807238,8.084846577,hit,0
20230927_MADRID_00.mp4,8.519905586,8.88245476,hit,0
20230927_MADRID_00.mp4,9.172494099,9.498788356,hit,0
20230927_MADRID_00.mp4,11.60157356,11.96412274,hit,0
20230927_MADRID_00.mp4,13.63184894,13.95814319,hit,0
20230927_MADRID_00.mp4,14.53822187,14.93702596,hit,0
20230927_MADRID_00.mp4,15.40833989,15.77088906,hit,0
20230927_MADRID_00.mp4,16.56849725,16.8947915,hit,0
20230927_MADRID_00.mp4,20.52028324,20.8465775,hit,0
20230927_MADRID_00.mp4,18.5625177,18.96132179,hit,0
20230927_MADRID_00.mp4,23.74697089,24.03701023,hit,0
20230927_MADRID_00.mp4,21.78920535,22.11549961,hit,0
20230927_MADRID_00.mp4,27.44497246,27.7350118,hit,0
20230927_MADRID_00.mp4,28.02505114,28.24258065,hit,0
20230927_MADRID_00.mp4,28.38760031,28.67763965,hit,0
20230927_MADRID_00.mp4,25.8497561,26.24856019,hit,0
20230927_MADRID_00.mp4,30.63540519,30.96169945,hit,0
20230927_MADRID_00.mp4,31.61428796,31.86807238,hit,0
20230927_MADRID_00.mp4,32.37564123,32.66568057,hit,0
20230927_MADRID_00.mp4,34.15213218,34.51468135,hit,0
20230927_MADRID_00.mp4,35.45730921,35.81985838,hit,0
20230927_MADRID_00.mp4,36.83499607,37.12503541,hit,0
20230927_MADRID_00.mp4,33.75332809,34.04336743,hit,0
20230927_MADRID_00.mp4,39.15531078,39.44535012,hit,0
20230927_MADRID_00.mp4,40.27921322,40.60550747,hit,0
20230927_MADRID_00.mp4,40.89554681,41.25809599,hit,0
20230927_MADRID_00.mp4,41.58439024,41.87442958,hit,0
20230927_MADRID_00.mp4,42.01944925,42.30948859,hit,0
20230927_MADRID_00.mp4,42.59952793,42.92582219,hit,0
20230927_MADRID_00.mp4,43.17960661,43.50590087,hit,0
20230903_FINLAND_09.mp4,0.191865721,0.493368996,hit,0
20230903_FINLAND_09.mp4,1.288241268,1.562335154,hit,0
20230903_FINLAND_09.mp4,5.481877734,5.783381009,hit,0
20230903_FINLAND_09.mp4,4.659596074,4.961099349,hit,0
20230903_FINLAND_09.mp4,3.015032754,3.316536029,hit,0
20230903_FINLAND_09.mp4,9.593286035,9.867379921,hit,0
20230903_FINLAND_09.mp4,8.469501099,8.743594986,hit,0
20230903_FINLAND_09.mp4,8.085769658,8.387272933,hit,0
20230903_FINLAND_09.mp4,7.263487998,7.510172496,hit,0
20230903_FINLAND_09.mp4,6.687890836,6.961984722,hit,0
20230903_FINLAND_09.mp4,10.8815273,11.1282118,hit,0
20230903_FINLAND_09.mp4,10.11406442,10.36074892,hit,0
20230903_FINLAND_09.mp4,14.2802915,14.63661355,hit,0
20230903_FINLAND_09.mp4,12.88241268,13.15650656,hit,0
20230903_FINLAND_09.mp4,15.81521726,16.17153932,hit,0
20230903_FINLAND_09.mp4,16.96641159,17.21309608,hit,0
20230903_FINLAND_09.mp4,22.61274565,22.94165832,hit,0
20230903_FINLAND_09.mp4,21.32450439,21.57118888,hit,0
20230903_FINLAND_09.mp4,20.58445089,20.88595417,hit,0
20230903_FINLAND_09.mp4,20.14590067,20.41999456,hit,0
20230903_FINLAND_09.mp4,19.78957862,20.00885373,hit,0
20230903_FINLAND_09.mp4,19.29620962,19.5977129,hit,0
20230903_FINLAND_09.mp4,18.6383843,18.91247818,hit,0
20230903_FINLAND_09.mp4,24.6684498,24.9151343,hit,0
20230903_FINLAND_09.mp4,24.28471836,24.53140286,hit,0
20230903_FINLAND_09.mp4,25.98410046,26.23078496,hit,0
20230903_FINLAND_09.mp4,29.46509282,29.68436793,hit,0
20230903_FINLAND_09.mp4,28.17685155,28.45094544,hit,0
20230903_FINLAND_09.mp4,30.25996509,30.50664959,hit,0
20230903_FINLAND_09.mp4,30.67110592,30.91779042,hit,0
20230903_FINLAND_09.mp4,31.95934719,32.26085046,hit,0
20230903_FINLAND_09.mp4,32.6719913,32.8912664,hit,0
20230903_FINLAND_09.mp4,32.94608518,33.16536029,hit,0
20230903_FINLAND_08.mp4,6.629614477,7.086829268,hit,0
20230903_FINLAND_08.mp4,4.915059009,5.315121951,hit,0
20230903_FINLAND_08.mp4,3.143351692,3.600566483,hit,0
20230903_FINLAND_08.mp4,2.286073958,2.743288749,hit,0
20230903_FINLAND_08.mp4,1.543099921,1.943162864,hit,0
20230903_FINLAND_08.mp4,0.571518489,0.971581432,hit,0
20230903_FINLAND_08.mp4,10.57309205,11.03030685,hit,0
20230903_FINLAND_08.mp4,8.915688434,9.372903226,hit,0
20230903_FINLAND_08.mp4,17.60276947,18.05998426,hit,0
20230903_FINLAND_08.mp4,16.3454288,16.74549174,hit,0
20230903_FINLAND_08.mp4,15.65960661,16.05966955,hit,0
20230903_FINLAND_08.mp4,14.45941778,14.91663257,hit,0
20230903_FINLAND_08.mp4,13.83074744,14.23081039,hit,0
20230903_FINLAND_08.mp4,12.80201416,13.25922895,hit,0
20230903_FINLAND_08.mp4,19.31732494,19.71738788,hit,0
20230903_FINLAND_08.mp4,18.34574351,18.74580645,hit,0
20230903_FINLAND_08.mp4,20.57466562,20.97472856,hit,0
20230903_FINLAND_08.mp4,22.11776554,22.63213218,hit,0
20230903_FINLAND_08.mp4,23.31795437,23.71801731,hit,0
20230903_FINLAND_08.mp4,24.4038395,24.86105429,hit,0
20230903_FINLAND_08.mp4,24.97535799,25.37542093,hit,0
20230903_FINLAND_08.mp4,28.17586153,28.63307632,hit,0
20230903_FINLAND_08.mp4,25.54687648,25.94693942,hit,0
20230903_FINLAND_08.mp4,31.43351692,31.83357986,hit,0
20230903_FINLAND_08.mp4,31.03345397,31.37636507,hit,0
20230903_FINLAND_08.mp4,29.6618096,30.11902439,hit,0
20230903_FINLAND_08.mp4,33.03376869,33.49098348,hit,0
20230903_FINLAND_08.mp4,35.94851298,36.40572777,hit,0
20230903_FINLAND_08.mp4,30.74769473,31.09060582,hit,0
20230903_FINLAND_08.mp4,39.60623131,40.12059795,hit,0
20230903_FINLAND_08.mp4,38.40604249,38.80610543,hit,0
20230903_FINLAND_08.mp4,37.6059166,38.00597954,hit,0
20230903_FINLAND_08.mp4,36.52003147,36.92009441,hit,0
20230903_FINLAND_08.mp4,42.74958301,43.14964595,hit,0
20230903_FINLAND_08.mp4,41.37793863,41.77800157,hit,0
20230903_FINLAND_08.mp4,44.17837923,44.57844217,hit,0
20230903_FINLAND_08.mp4,45.37856806,45.83578285,hit,0
20230903_FINLAND_08.mp4,47.32173092,47.77894571,hit,0
20230903_FINLAND_08.mp4,51.55096774,52.00818253,hit,0
20230903_FINLAND_08.mp4,49.32204563,49.77926042,hit,0
20230903_FINLAND_08.mp4,53.20837136,53.66558615,hit,0
20230903_FINLAND_08.mp4,52.52254917,52.92261212,hit,0
20230903_FINLAND_08.mp4,51.83672699,52.23678993,hit,0
20230903_FINLAND_08.mp4,54.63716758,55.03723053,hit,0
20230903_FINLAND_08.mp4,55.95166011,56.4088749,hit,0
20230903_FINLAND_08.mp4,55.20868607,55.60874902,hit,0
20230903_FINLAND_08.mp4,60.46665618,60.92387097,hit,0
20230903_FINLAND_08.mp4,59.66653029,60.12374508,hit,0
20230903_FINLAND_08.mp4,59.2093155,59.55222659,hit,0
20230903_FINLAND_08.mp4,58.52349331,58.92355625,hit,0
20230903_FINLAND_08.mp4,63.95291896,64.41013375,hit,0
20230903_FINLAND_08.mp4,64.695893,65.15310779,hit,0
20230903_FINLAND_08.mp4,66.18184107,66.69620771,hit,0
20230903_FINLAND_08.mp4,68.06785208,68.46791503,hit,0
20230903_FINLAND_08.mp4,68.81082612,69.21088906,hit,0
20230903_FINLAND_08.mp4,70.41107789,70.86829268,hit,0
20230903_FINLAND_08.mp4,69.9538631,70.29677419,hit,0
20230903_FINLAND_08.mp4,69.32519276,69.7252557,hit,0
20230903_FINLAND_07.mp4,2.639827935,2.897372124,hit,0
20230903_FINLAND_07.mp4,0.965790708,1.319913968,hit,0
20230903_FINLAND_07.mp4,4.764567493,5.086497729,hit,0
20230903_FINLAND_07.mp4,5.633779131,5.891323319,hit,0
20230903_FINLAND_07.mp4,6.084481461,6.406411697,hit,0
20230903_FINLAND_07.mp4,7.050272169,7.340009382,hit,0
20230903_FINLAND_07.mp4,7.533167523,7.822904736,hit,0
20230903_FINLAND_07.mp4,8.981853585,9.368169869,hit,0
20230903_FINLAND_07.mp4,10.62369779,10.88124198,hit,0
20230903_FINLAND_07.mp4,11.13878617,11.39633036,hit,0
20230903_FINLAND_07.mp4,13.93957922,14.26150946,hit,0
20230903_FINLAND_07.mp4,13.29571875,13.58545596,hit,0
20230903_FINLAND_07.mp4,14.84098388,15.13072109,hit,0
20230903_FINLAND_07.mp4,16.48282808,16.80475832,hit,0
20230903_FINLAND_07.mp4,17.44861879,17.73835601,hit,0
20230903_FINLAND_07.mp4,18.18905834,18.44660252,hit,0
20230903_FINLAND_07.mp4,19.5089723,19.76651649,hit,0
20230903_FINLAND_07.mp4,21.50493977,21.76248396,hit,0
20230903_FINLAND_07.mp4,23.01801188,23.27555607,hit,0
20230903_FINLAND_07.mp4,23.88722351,24.1447677,hit,0
20230903_FINLAND_07.mp4,24.8208212,25.11055841,hit,0
20230903_FINLAND_07.mp4,25.65783981,26.01196307,hit,0
20230903_FINLAND_07.mp4,27.17091192,27.46064913,hit,0
20230903_FINLAND_07.mp4,30.64775847,30.93749568,hit,0
20230903_FINLAND_07.mp4,31.90328639,32.16083058,hit,0
20230903_FINLAND_07.mp4,34.06021897,34.34995618,hit,0
20230903_FINLAND_07.mp4,35.41232596,35.70206318,hit,0
20230903_FINLAND_07.mp4,38.24531204,38.53504925,hit,0
20230903_FINLAND_06.mp4,6.765016567,7.121070071,hit,0
20230903_FINLAND_06.mp4,5.261679552,5.578171555,hit,0
20230903_FINLAND_06.mp4,3.204481532,3.520973535,hit,0
20230903_FINLAND_06.mp4,1.938513519,2.334128523,hit,0
20230903_FINLAND_06.mp4,1.384652514,1.701144517,hit,0
20230903_FINLAND_06.mp4,0.356053504,0.672545507,hit,0
20230903_FINLAND_06.mp4,13.56959463,13.88608664,hit,0
20230903_FINLAND_06.mp4,12.81792613,13.13441813,hit,0
20230903_FINLAND_06.mp4,12.34318812,12.62011863,hit,0
20230903_FINLAND_06.mp4,10.1673056,10.4837976,hit,0
20230903_FINLAND_06.mp4,8.940899089,9.296952592,hit,0
20230903_FINLAND_06.mp4,18.51478218,18.83127419,hit,0
20230903_FINLAND_06.mp4,16.93232217,17.24881417,hit,0
20230903_FINLAND_06.mp4,15.90372316,16.22021516,hit,0
20230903_FINLAND_06.mp4,14.91468565,15.27073915,hit,0
20230903_FINLAND_06.mp4,23.45996973,23.77646174,hit,0
20230903_FINLAND_06.mp4,22.47093222,22.82698573,hit,0
20230903_FINLAND_06.mp4,21.64014072,22.03575572,hit,0
20230903_FINLAND_06.mp4,20.96759521,21.36321021,hit,0
20230903_FINLAND_06.mp4,30.93709331,31.29314681,hit,0
20230903_FINLAND_06.mp4,30.2645478,30.5810398,hit,0
20230903_FINLAND_06.mp4,28.68208779,28.95901829,hit,0
20230903_FINLAND_06.mp4,26.50620526,26.86225877,hit,0
20230903_FINLAND_06.mp4,25.39848325,25.79409826,hit,0
20230903_FINLAND_06.mp4,32.16349982,32.47999182,hit,0
20230903_FINLAND_06.mp4,33.70639834,34.06245184,hit,0
20230903_FINLAND_06.mp4,34.33938234,34.73499735,hit,0
20230903_FINLAND_06.mp4,35.05148935,35.40754285,hit,0
20230903_FINLAND_06.mp4,39.64062339,39.9571154,hit,0
20230903_FINLAND_06.mp4,38.25597088,38.57246288,hit,0
20230903_FINLAND_06.mp4,46.28695546,46.60344746,hit,0
20230903_FINLAND_06.mp4,45.21879495,45.53528695,hit,0
20230903_FINLAND_06.mp4,44.58581094,44.90230295,hit,0
20230903_FINLAND_06.mp4,44.11107294,44.46712644,hit,0
20230903_FINLAND_06.mp4,43.20115843,43.55721193,hit,0
20230903_FINLAND_06.mp4,42.52861292,42.80554343,hit,0
20230903_FINLAND_06.mp4,41.50001391,41.81650592,hit,0
20230903_FINLAND_05.mp4,0.035549961,0.248849725,hit,0
20230903_FINLAND_05.mp4,1.564198269,1.813047994,hit,0
20230903_FINLAND_05.mp4,5.545793863,5.812418568,hit,0
20230903_FINLAND_05.mp4,4.905894571,5.101419355,hit,0
20230903_FINLAND_05.mp4,3.395021243,3.643870968,hit,0
20230903_FINLAND_05.mp4,7.252191975,7.429941778,hit,0
20230903_FINLAND_05.mp4,11.94478678,12.17586153,hit,0
20230903_FINLAND_05.mp4,11.37598741,11.60706216,hit,0
20230903_FINLAND_05.mp4,10.59388828,10.77163808,hit,0
20230903_FINLAND_05.mp4,9.865114083,10.06063887,hit,0
20230903_FINLAND_05.mp4,9.331864673,9.491839496,hit,0
20230903_FINLAND_05.mp4,13.66895987,13.8289347,hit,0
20230903_FINLAND_05.mp4,14.1844343,14.37995909,hit,0
20230903_FINLAND_05.mp4,14.78878363,14.96653344,hit,0
20230903_FINLAND_05.mp4,16.51295673,16.72625649,hit,0
20230903_FINLAND_05.mp4,18.89480409,19.12587884,hit,0
20230903_FINLAND_05.mp4,20.6900771,20.92115185,hit,0
20230903_FINLAND_04.mp4,3.486313109,3.761548355,hit,0
20230903_FINLAND_04.mp4,1.590248085,1.834901637,hit,0
20230903_FINLAND_04.mp4,0.336398633,0.611633879,hit,0
20230903_FINLAND_04.mp4,5.015397806,5.290633052,hit,0
20230903_FINLAND_04.mp4,6.605645891,6.942044525,hit,0
20230903_FINLAND_04.mp4,8.440547528,8.715782773,hit,0
20230903_FINLAND_04.mp4,9.419161734,9.663815286,hit,0
20230903_FINLAND_04.mp4,8.838109549,9.082763101,hit,0
20230903_FINLAND_04.mp4,11.00940982,11.28464506,hit,0
20230903_FINLAND_04.mp4,16.11655271,16.39178795,hit,0
20230903_FINLAND_04.mp4,15.6272456,15.84131746,hit,0
20230903_FINLAND_04.mp4,15.29084697,15.53550052,hit,0
20230903_FINLAND_04.mp4,14.34281446,14.58746801,hit,0
20230903_FINLAND_04.mp4,13.48652703,13.70059889,hit,0
20230903_FINLAND_04.mp4,18.10436281,18.37959806,hit,0
20230903_FINLAND_04.mp4,20.03100953,20.33682647,hit,0
20230903_FINLAND_04.mp4,21.49893084,21.80474778,hit,0
20230903_FINLAND_04.mp4,23.42557756,23.67023111,hit,0
20230903_FINLAND_04.mp4,24.80175379,25.07698903,hit,0
20230903_FINLAND_04.mp4,28.13515843,28.37981198,hit,0
20230903_FINLAND_04.mp4,35.3524382,35.65825514,hit,0
20230903_FINLAND_04.mp4,33.67044503,33.94568028,hit,0
20230903_FINLAND_04.mp4,32.41659558,32.72241252,hit,0
20230903_FINLAND_04.mp4,31.77438001,32.11077864,hit,0
20230903_FINLAND_04.mp4,30.91809258,31.22390951,hit,0
20230903_FINLAND_04.mp4,29.45017127,29.72540651,hit,0
20230903_FINLAND_03.mp4,5.622382345,6.006818745,hit,0
20230903_FINLAND_03.mp4,4.517127696,4.853509546,hit,0
20230903_FINLAND_03.mp4,3.604091247,3.988527647,hit,0
20230903_FINLAND_03.mp4,2.354672948,2.739109348,hit,0
20230903_FINLAND_03.mp4,13.50332854,13.93581949,hit,0
20230903_FINLAND_03.mp4,12.73445574,13.11889214,hit,0
20230903_FINLAND_03.mp4,11.00449194,11.43698289,hit,0
20230903_FINLAND_03.mp4,8.986200843,9.466746342,hit,0
20230903_FINLAND_03.mp4,7.929000744,8.313437143,hit,0
20230903_FINLAND_03.mp4,14.99301959,15.42551054,hit,0
20230903_FINLAND_03.mp4,16.86714704,17.25158344,hit,0
20230903_FINLAND_03.mp4,18.45294718,18.93349268,hit,0
20230903_FINLAND_03.mp4,20.80762013,21.24011108,hit,0
20230903_FINLAND_03.mp4,22.39342028,22.82591123,hit,0
20230903_FINLAND_03.mp4,26.04556608,26.43000248,hit,0
20230903_FINLAND_03.mp4,24.12338408,24.50782048,hit,0
20230903_FINLAND_03.mp4,28.35218448,28.73662088,hit,0
20230903_FINLAND_03.mp4,29.64965733,30.03409373,hit,0
20230903_FINLAND_03.mp4,31.28351202,31.61989387,hit,0
20230903_FINLAND_03.mp4,32.72514852,33.10958492,hit,0
20230903_FINLAND_03.mp4,34.07067592,34.55122142,hit,0
20230903_FINLAND_03.mp4,34.88760327,35.32009422,hit,0
20230903_FINLAND_03.mp4,36.04091247,36.42534887,hit,0
20230903_FINLAND_03.mp4,38.82807637,39.21251277,hit,0
20230903_FINLAND_03.mp4,41.85551302,42.23994942,hit,0
20230903_FINLAND_03.mp4,42.43216762,42.76854946,hit,0
20230903_FINLAND_03.mp4,44.21018596,44.73878601,hit,0
20230903_FINLAND_03.mp4,47.38178626,47.86233176,hit,0
20230903_FINLAND_03.mp4,48.87147731,49.20785916,hit,0
20230903_FINLAND_03.mp4,50.45727746,50.84171386,hit,0
20230903_FINLAND_03.mp4,51.41836846,51.89891396,hit,0
20230903_FINLAND_03.mp4,52.76389586,53.19638681,hit,0
20230903_FINLAND_03.mp4,54.01331416,54.39775056,hit,0
20230903_FINLAND_03.mp4,56.0796598,56.51215075,hit,0
20230903_FINLAND_02.mp4,0.874146341,1.198829268,hit,0
20230903_FINLAND_02.mp4,2.048,2.297756098,hit,0
20230903_FINLAND_02.mp4,2.797268293,3.04702439,hit,0
20230903_FINLAND_02.mp4,4.345756098,4.670439024,hit,0
20230903_FINLAND_02.mp4,16.35902439,16.60878049,hit,0
20230903_FINLAND_02.mp4,14.5857561,14.81053659,hit,0
20230903_FINLAND_02.mp4,13.26204878,13.48682927,hit,0
20230903_FINLAND_02.mp4,12.61268293,12.86243902,hit,0
20230903_FINLAND_02.mp4,11.08917073,11.28897561,hit,0
20230903_FINLAND_02.mp4,10.31492683,10.51473171,hit,0
20230903_FINLAND_02.mp4,9.740487805,9.990243902,hit,0
20230903_FINLAND_02.mp4,8.666536585,8.866341463,hit,0
20230903_FINLAND_02.mp4,7.417756098,7.617560976,hit,0
20230903_FINLAND_02.mp4,5.994146341,6.268878049,hit,0
20230903_FINLAND_02.mp4,19.40604878,19.65580488,hit,0
20230903_FINLAND_02.mp4,18.13229268,18.35707317,hit,0
20230903_FINLAND_02.mp4,22.20331707,22.47804878,hit,0
20230903_FINLAND_02.mp4,24.87570732,25.17541463,hit,0
20230903_FINLAND_02.mp4,27.04858537,27.34829268,hit,0
20230903_FINLAND_02.mp4,29.14653659,29.39629268,hit,0
20230903_FINLAND_02.mp4,29.52117073,29.74595122,hit,0
20230806_MALAGA_09.mp4,0.375893002,0.626488336,hit,0
20230806_MALAGA_09.mp4,1.503572006,1.729107807,hit,0
20230806_MALAGA_09.mp4,2.155119876,2.380655677,hit,0
20230806_MALAGA_09.mp4,3.508334681,3.708810949,hit,0
20230806_MALAGA_09.mp4,4.134823017,4.385418352,hit,0
20230806_MALAGA_09.mp4,4.786370887,5.011906688,hit,0
20230806_MALAGA_09.mp4,5.437918756,5.663454557,hit,0
20230806_MALAGA_09.mp4,6.289942893,6.540538227,hit,0
20230806_MALAGA_09.mp4,9.121670172,9.297086906,hit,0
20230806_MALAGA_09.mp4,8.269646035,8.520241369,hit,0
20230806_MALAGA_09.mp4,11.37702818,11.62762352,hit,0
20230806_MALAGA_09.mp4,11.92833792,12.15387372,hit,0
20230806_MALAGA_09.mp4,10.24934918,10.49994451,hit,0
20230806_MALAGA_09.mp4,9.823337108,10.04887291,hit,0
20230806_MALAGA_09.mp4,14.28393406,14.50946986,hit,0
20230806_MALAGA_09.mp4,13.55720759,13.73262432,hit,0
20230806_MALAGA_09.mp4,13.03095739,13.23143366,hit,0
20230806_MALAGA_09.mp4,17.81732827,18.06792361,hit,0
20230806_MALAGA_09.mp4,17.26601854,17.49155434,hit,0
20230806_MALAGA_09.mp4,15.8125656,16.06316093,hit,0
20230806_MALAGA_09.mp4,19.49631701,19.72185282,hit,0
20230806_MALAGA_09.mp4,20.62399602,20.84953182,hit,0
20230806_MALAGA_09.mp4,21.17530576,21.42590109,hit,0
20230806_MALAGA_09.mp4,22.45334196,22.67887776,hit,0
20230806_MALAGA_09.mp4,23.88173537,24.08221163,hit,0
20230806_MALAGA_09.mp4,24.15739023,24.38292604,hit,0
20230806_MALAGA_09.mp4,24.8089381,25.0344739,hit,0
20230806_MALAGA_09.mp4,27.84114165,28.16691558,hit,0
20230903_FINLAND_01.mp4,0.872803584,1.289063755,hit,0
20230903_FINLAND_01.mp4,1.920167884,2.349855803,hit,0
20230903_FINLAND_01.mp4,5.733648158,6.123052834,hit,0
20230903_FINLAND_01.mp4,3.934330001,4.431156656,hit,0
20230903_FINLAND_01.mp4,6.660162732,7.14356164,hit,0
20230903_FINLAND_01.mp4,7.882087749,8.486336384,hit,0
20230903_FINLAND_01.mp4,9.104012766,9.50684519,hit,0
20230903_FINLAND_01.mp4,13.29346997,13.60230816,hit,0
20230903_FINLAND_01.mp4,12.52808836,12.89063755,hit,0
20230903_FINLAND_01.mp4,11.37330208,11.78956225,hit,0
20230903_FINLAND_01.mp4,14.78394993,15.01222164,hit,0
20230903_FINLAND_00.mp4,0.569655389,1.202605822,hit,0
20230903_FINLAND_00.mp4,1.708966168,2.278621558,hit,0
20230903_FINLAND_00.mp4,3.417932337,3.924292683,hit,0
20230903_FINLAND_00.mp4,3.67111251,4.304062943,hit,0
20230903_FINLAND_00.mp4,5.253488592,5.759848938,hit,0
20230903_FINLAND_00.mp4,7.278929976,7.848585366,hit,0
20230903_FINLAND_00.mp4,8.798011015,9.304371361,hit,0
20230903_FINLAND_00.mp4,10.50697718,11.07663257,hit,0
20230903_FINLAND_00.mp4,11.70958301,12.27923839,hit,0
20230903_FINLAND_00.mp4,14.621155,15.12751534,hit,0
20230903_FINLAND_00.mp4,13.98820456,14.43126987,hit,0
20230903_FINLAND_00.mp4,13.35525413,13.86161448,hit,0
20230903_FINLAND_00.mp4,19.87464359,20.50759402,hit,0
20230903_FINLAND_00.mp4,17.34284186,17.91249725,hit,0
20230903_FINLAND_00.mp4,21.39372463,22.02667506,hit,0
20230903_FINLAND_00.mp4,25.82437766,26.39403304,hit,0
20230903_FINLAND_00.mp4,25.38131235,25.82437766,hit,0
20230903_FINLAND_00.mp4,24.05211644,24.49518175,hit,0
20230903_FINLAND_00.mp4,30.44491581,31.0145712,hit,0
20230903_FINLAND_00.mp4,28.98912982,29.55878521,hit,0
20230903_FINLAND_00.mp4,27.40675374,28.03970417,hit,0
20230903_FINLAND_00.mp4,35.12874902,35.63510936,hit,0
20230903_FINLAND_00.mp4,33.92614319,34.3692085,hit,0
20230903_FINLAND_00.mp4,33.04001259,33.54637293,hit,0
20230903_FINLAND_00.mp4,32.28047207,32.78683242,hit,0
20230903_FINLAND_00.mp4,36.7111251,37.21748544,hit,0
20230903_FINLAND_00.mp4,38.16691109,38.67327144,hit,0
20230903_FINLAND_00.mp4,38.79986153,39.24292683,hit,0
20230903_FINLAND_00.mp4,42.59756412,43.10392447,hit,0
20230903_FINLAND_00.mp4,40.63541778,41.14177813,hit,0
20230903_FINLAND_00.mp4,43.7368749,44.30653029,hit,0
20230903_FINLAND_00.mp4,46.20538159,46.71174194,hit,0
20230903_FINLAND_00.mp4,47.21810228,47.78775767,hit,0
20230903_FINLAND_00.mp4,47.72446263,48.23082297,hit,0
20230903_FINLAND_00.mp4,49.56001888,50.19296932,hit,0
20230903_FINLAND_00.mp4,51.45887018,52.02852557,hit,0
20230903_FINLAND_00.mp4,55.63634304,56.20599843,hit,0
20230903_FINLAND_00.mp4,54.62362234,55.19327773,hit,0
20230903_FINLAND_00.mp4,53.80078678,54.37044217,hit,0
20230903_FINLAND_00.mp4,52.78806609,53.29442644,hit,0
20230903_FINLAND_00.mp4,52.34500079,52.85136113,hit,0
20230903_FINLAND_00.mp4,57.28201416,57.85166955,hit,0
20230903_FINLAND_00.mp4,58.67450511,59.37075059,hit,0
20230903_FINLAND_00.mp4,61.52278206,62.09243745,hit,0
20230903_FINLAND_00.mp4,60.95312667,61.45948702,hit,0
20230903_FINLAND_00.mp4,64.11787884,64.68753423,hit,0
20230903_FINLAND_00.mp4,70.63726829,71.27021873,hit,0
20230903_FINLAND_00.mp4,68.92830212,69.49795751,hit,0
20230903_FINLAND_00.mp4,67.78899135,68.29535169,hit,0
20230903_FINLAND_00.mp4,67.09274587,67.59910622,hit,0
20230903_FINLAND_00.mp4,66.01673013,66.58638552,hit,0
20230903_FINLAND_00.mp4,72.59941463,73.10577498,hit,0
20230903_FINLAND_00.mp4,77.34654288,77.97949331,hit,0
20230903_FINLAND_00.mp4,75.95405193,76.52370732,hit,0
20230903_FINLAND_00.mp4,75.38439654,75.82746184,hit,0
20230806_MALAGA_08.mp4,0.093591396,0.421161281,hit,0
20230806_MALAGA_08.mp4,1.310279541,1.778236519,hit,0
20230806_MALAGA_08.mp4,3.240602078,3.568171963,hit,0
20230806_MALAGA_08.mp4,6.422709533,6.738580494,hit,0
20230806_MALAGA_08.mp4,5.931354706,6.165333195,hit,0
20230806_MALAGA_08.mp4,8.388128844,8.680601956,hit,0
20230806_MALAGA_08.mp4,9.359139575,9.68670946,hit,0
20230806_MALAGA_08.mp4,10.996989,11.27776319,hit,0
20230806_MALAGA_08.mp4,11.78081694,11.97969866,hit,0
20230806_MALAGA_08.mp4,12.82202122,13.04430078,hit,0
20230806_MALAGA_08.mp4,12.43595671,12.59974165,hit,0
20230806_MALAGA_08.mp4,3.930838622,4.094623564,hit,0
20230806_MALAGA_08.mp4,4.141419262,4.316903129,hit,0
20230806_MALAGA_08.mp4,2.959827891,3.158709607,hit,0
20230806_MALAGA_07.mp4,0.75047679,1.115291896,hit,0
20230806_MALAGA_07.mp4,1.813652242,2.220160504,hit,0
20230806_MALAGA_07.mp4,4.815559402,5.159527931,hit,0
20230806_MALAGA_07.mp4,4.346511408,4.607093627,hit,0
20230806_MALAGA_07.mp4,7.629847364,7.880006294,hit,0
20230806_MALAGA_07.mp4,8.07804878,8.317784422,hit,0
20230806_MALAGA_07.mp4,5.962121164,6.222703383,hit,0
20230806_MALAGA_07.mp4,11.28842172,11.54900393,hit,0
20230806_MALAGA_07.mp4,10.17312982,10.39201888,hit,0
20230806_MALAGA_07.mp4,9.787468135,9.954240755,hit,0
20230806_MALAGA_07.mp4,9.401806452,9.589425649,hit,0
20230806_MALAGA_07.mp4,8.91191188,9.141224233,hit,0
20230806_MALAGA_06.mp4,2.6594828,3.043986338,hit,0
20230806_MALAGA_06.mp4,1.890475725,2.339063186,hit,0
20230806_MALAGA_06.mp4,1.153510612,1.538014149,hit,0
20230806_MALAGA_06.mp4,0.160209807,0.480629422,hit,0
20230806_MALAGA_06.mp4,6.248182482,6.600644058,hit,0
20230806_MALAGA_06.mp4,5.479175408,5.863678945,hit,0
20230806_MALAGA_06.mp4,4.325664795,4.678126371,hit,0
20230806_MALAGA_06.mp4,7.690070747,8.234784092,hit,0
20230806_MALAGA_06.mp4,10.12525982,10.50976335,hit,0
20230806_MALAGA_06.mp4,13.36149792,13.84212735,hit,0
20230806_MALAGA_06.mp4,12.81678458,13.26537204,hit,0
20230806_MALAGA_06.mp4,11.72735789,12.11186143,hit,0
20230806_MALAGA_06.mp4,16.43752622,16.82202976,hit,0
20230806_MALAGA_06.mp4,14.80338619,15.21993169,hit,0
20230806_MALAGA_06.mp4,18.00758233,18.29595999,hit,0
20230806_MALAGA_06.mp4,18.71250549,19.06496706,hit,0
20230806_MALAGA_06.mp4,19.48151256,19.83397414,hit,0
20230806_MALAGA_06.mp4,20.09030983,20.47481337,hit,0
20230806_MALAGA_06.mp4,21.2758624,21.66036594,hit,0
20230806_MALAGA_06.mp4,22.01282751,22.42937301,hit,0
20230806_MALAGA_06.mp4,23.29450597,23.77513539,hit,0
20230806_MALAGA_06.mp4,24.25576482,24.64026835,hit,0
20230806_MALAGA_06.mp4,24.96068797,25.34519151,hit,0
20230806_MALAGA_06.mp4,27.20362527,27.49200292,hit,0
20230806_MALAGA_06.mp4,28.03671627,28.35713588,hit,0
20230806_MALAGA_06.mp4,33.9965211,34.41306659,hit,0
20230806_MALAGA_06.mp4,32.81096852,33.13138814,hit,0
20230806_MALAGA_06.mp4,31.4972481,31.84970968,hit,0
20230806_MALAGA_06.mp4,30.72824103,31.01661868,hit,0
20230806_MALAGA_06.mp4,30.15148572,30.43986338,hit,0
20230806_MALAGA_06.mp4,35.98312271,36.20741644,hit,0
20230806_MALAGA_06.mp4,37.61726274,37.90564039,hit,0
20230806_MALAGA_05.mp4,1.368052496,1.574084498,hit,0
20230806_MALAGA_05.mp4,1.153779213,1.359811216,hit,0
20230806_MALAGA_05.mp4,0.271962243,0.543924486,hit,0
20230806_MALAGA_05.mp4,2.076802584,2.324040987,hit,0
20230806_MALAGA_05.mp4,3.065756195,3.304753318,hit,0
20230806_MALAGA_05.mp4,3.304753318,3.49430276,hit,0
20230806_MALAGA_05.mp4,4.648081973,4.953009337,hit,0
20230806_MALAGA_05.mp4,6.749608397,7.00508808,hit,0
20230806_MALAGA_05.mp4,7.623184087,7.85393993,hit,0
20230806_MALAGA_04.mp4,4.329491795,4.675038088,hit,0
20230806_MALAGA_04.mp4,3.048937884,3.394484177,hit,0
20230806_MALAGA_04.mp4,1.504142689,1.809036478,hit,0
20230806_MALAGA_04.mp4,0.670766334,0.935007618,hit,0
20230806_MALAGA_04.mp4,8.232132286,8.638657337,hit,0
20230806_MALAGA_04.mp4,6.585705828,6.931252122,hit,0
20230806_MALAGA_04.mp4,5.711676969,5.975918252,hit,0
20230806_MALAGA_04.mp4,12.07379402,12.39901406,hit,0
20230806_MALAGA_04.mp4,10.48834632,10.83389261,hit,0
20230806_MALAGA_04.mp4,9.390728681,9.756601227,hit,0
20230806_MALAGA_04.mp4,15.8951295,16.20002329,hit,0
20230806_MALAGA_04.mp4,16.42361207,16.74883211,hit,0
20230806_MALAGA_04.mp4,14.3096818,14.61457559,hit,0
20230806_MALAGA_04.mp4,13.1510854,13.41532669,hit,0
20230806_MALAGA_04.mp4,18.70015235,18.98471989,hit,0
20230806_MALAGA_04.mp4,17.19600966,17.50090345,hit,0
20230806_MALAGA_04.mp4,21.38321769,21.58648022,hit,0
20230806_MALAGA_04.mp4,23.70041048,24.02563052,hit,0
20230806_MALAGA_03.mp4,0.433346981,0.611130358,hit,0
20230806_MALAGA_03.mp4,1.388932632,1.588938931,hit,0
20230806_MALAGA_03.mp4,2.155623445,2.411187049,hit,0
20230806_MALAGA_03.mp4,3.044540329,3.300103933,hit,0
20230806_MALAGA_03.mp4,3.666782148,3.933457213,hit,0
20230806_MALAGA_03.mp4,4.755705331,4.989046013,hit,0
20230806_MALAGA_03.mp4,7.944694654,8.200258258,hit,0
20230806_MALAGA_03.mp4,8.411376018,8.655828161,hit,0
20230806_MALAGA_03.mp4,10.86700891,11.12257252,hit,0
20230806_MALAGA_03.mp4,11.5559195,11.83370602,hit,0
20230806_MALAGA_03.mp4,9.366961669,9.533633585,hit,0
20230806_MALAGA_03.mp4,12.50039369,12.68928852,hit,0
20230806_MALAGA_02.mp4,3.915531078,4.157230527,hit,0
20230806_MALAGA_02.mp4,1.47436664,1.788575924,hit,0
20230806_MALAGA_02.mp4,0.169189614,0.386719119,hit,0
20230806_MALAGA_02.mp4,5.051518489,5.293217939,hit,0
20230806_MALAGA_02.mp4,6.308355625,6.57422502,hit,0
20230806_MALAGA_02.mp4,7.275153423,7.492682927,hit,0
20230806_MALAGA_02.mp4,7.976081825,8.24195122,hit,0
20230806_MALAGA_02.mp4,8.822029898,9.087899292,hit,0
20230806_MALAGA_02.mp4,10.44141621,10.68311566,hit,0
20230806_MALAGA_02.mp4,11.81910307,12.1574823,hit,0
20230806_MALAGA_02.mp4,13.51099921,13.75269866,hit,0
20230806_MALAGA_02.mp4,14.28443745,14.55030685,hit,0
20230806_MALAGA_02.mp4,15.83131393,16.07301338,hit,0
20230806_MALAGA_02.mp4,18.75587726,18.97340677,hit,0
20230806_MALAGA_02.mp4,17.6440598,17.90992919,hit,0
20230806_MALAGA_02.mp4,17.20900079,17.49904013,hit,0
20230806_MALAGA_02.mp4,20.44777341,20.68947286,hit,0
20230806_MALAGA_02.mp4,22.11549961,22.42970889,hit,0
20230806_MALAGA_02.mp4,23.29982691,23.61403619,hit,0
20230806_MALAGA_02.mp4,25.66848151,25.95852085,hit,0
20230806_MALAGA_02.mp4,27.33620771,27.6020771,hit,0
20230806_MALAGA_02.mp4,27.77126672,28.03713611,hit,0
20230806_MALAGA_01.mp4,10.71534225,11.27930763,hit,0
20230806_MALAGA_01.mp4,8.854256491,9.418221873,hit,0
20230806_MALAGA_01.mp4,8.121101495,8.5722738,hit,0
20230806_MALAGA_01.mp4,6.598394965,7.105963808,hit,0
20230806_MALAGA_01.mp4,6.034429583,6.485601888,hit,0
20230806_MALAGA_01.mp4,5.470464201,5.865239969,hit,0
20230806_MALAGA_01.mp4,3.891361133,4.342533438,hit,0
20230806_MALAGA_01.mp4,3.101809599,3.609378442,hit,0
20230806_MALAGA_01.mp4,1.804689221,2.312258065,hit,0
20230806_MALAGA_01.mp4,12.1252557,12.63282455,hit,0
20230806_MALAGA_01.mp4,13.02760031,13.47877262,hit,0
20230806_MALAGA_01.mp4,13.98634146,14.43751377,hit,0
20230806_MALAGA_01.mp4,14.94508261,15.45265146,hit,0
20230806_MALAGA_01.mp4,19.5132022,19.96437451,hit,0
20230806_MALAGA_01.mp4,18.15968529,18.72365067,hit,0
20230806_MALAGA_01.mp4,16.63697876,17.08815106,hit,0
20230806_MALAGA_01.mp4,21.26149489,21.93825334,hit,0
20230806_MALAGA_01.mp4,24.19411487,24.75808025,hit,0
20230806_MALAGA_01.mp4,25.88601101,26.4499764,hit,0
20230806_MALAGA_01.mp4,23.12258065,23.51735641,hit,0
20230806_MALAGA_01.mp4,28.59304485,29.10061369,hit,0
20230806_MALAGA_01.mp4,27.74709677,28.19826908,hit,0
20230806_MALAGA_01.mp4,30.05935484,30.51052714,hit,0
20230806_MALAGA_01.mp4,30.62332022,31.13088906,hit,0
20230806_MALAGA_01.mp4,31.63845791,32.48440598,hit,0
20230806_MALAGA_01.mp4,34.96585366,35.58621558,hit,0
20230806_MALAGA_01.mp4,38.06766326,38.5752321,hit,0
20230806_MALAGA_01.mp4,36.88333596,37.3909048,hit,0
20230806_MALAGA_01.mp4,40.77469709,41.28226593,hit,0
20230806_MALAGA_01.mp4,39.47757671,39.98514555,hit,0
20230806_MALAGA_01.mp4,43.82011015,44.27128245,hit,0
20230806_MALAGA_01.mp4,49.62895358,50.13652242,hit,0
20230806_MALAGA_01.mp4,48.3318332,48.83940205,hit,0
20230806_MALAGA_01.mp4,47.20390244,47.76786782,hit,0
20230806_MALAGA_01.mp4,46.30155783,46.80912667,hit,0
20230806_MALAGA_01.mp4,52.39238395,52.89995279,hit,0
20230806_MALAGA_01.mp4,53.52031471,54.02788356,hit,0
20230806_MALAGA_01.mp4,54.9866247,55.43779701,hit,0
20230806_MALAGA_01.mp4,57.58086546,58.03203777,hit,0
20230806_MALAGA_01.mp4,62.03619197,62.54376082,hit,0
20230806_MALAGA_01.mp4,61.07745083,61.58501967,hit,0
20230806_MALAGA_01.mp4,60.34429583,60.90826121,hit,0
20230806_MALAGA_01.mp4,59.72393391,60.17510622,hit,0
20230806_MALAGA_01.mp4,63.89727773,64.34845004,hit,0
20230806_MALAGA_01.mp4,65.19439811,65.70196696,hit,0
20230806_MALAGA_01.mp4,67.33746656,67.78863887,hit,0
20230806_MALAGA_01.mp4,65.98394965,66.43512195,hit,0
20230806_MALAGA_01.mp4,66.43512195,66.88629426,hit,0
20230806_MALAGA_01.mp4,68.46539732,69.14215578,hit,0
20230709_VALENCIA_03.mp4,0.445566224,0.822583799,hit,0
20230709_VALENCIA_03.mp4,1.405247323,1.713716247,hit,0
20230709_VALENCIA_03.mp4,5.106874416,5.415343341,hit,0
20230709_VALENCIA_03.mp4,3.084689245,3.461706819,hit,0
20230709_VALENCIA_03.mp4,6.409298764,6.683493363,hit,0
20230709_VALENCIA_03.mp4,7.094785263,7.368979862,hit,0
20230709_VALENCIA_03.mp4,10.31657181,10.62504073,hit,0
20230709_VALENCIA_03.mp4,9.459713684,9.733908283,hit,0
20230709_VALENCIA_03.mp4,8.362935286,8.568581235,hit,0
20230709_VALENCIA_03.mp4,11.8246421,12.16738535,hit,0
20230709_VALENCIA_03.mp4,11.13915561,11.41335021,hit,0
20230709_VALENCIA_03.mp4,11.41335021,11.61899615,hit,0
20230709_VALENCIA_03.mp4,12.9214205,13.1956151,hit,0
20230709_VALENCIA_03.mp4,16.65732192,16.8972422,hit,0
20230709_VALENCIA_03.mp4,14.66941107,15.01215432,hit,0
20230709_VALENCIA_03.mp4,20.53032064,20.94161254,hit,0
20230709_VALENCIA_03.mp4,21.90129364,22.24403689,hit,0
20230709_VALENCIA_03.mp4,23.88920448,24.23194773,hit,0
20230709_VALENCIA_03.mp4,26.28840723,26.59687615,hit,0
20230709_VALENCIA_03.mp4,28.20776943,28.55051268,hit,0
20230709_VALENCIA_03.mp4,32.52633437,32.83480329,hit,0
20230709_VALENCIA_03.mp4,33.00617492,33.31464384,hit,0
20230709_VALENCIA_03.mp4,33.69166142,34.03440467,hit,0
20230709_VALENCIA_03.mp4,34.06867899,34.27432494,hit,0
20230709_VALENCIA_03.mp4,34.44569657,34.71989117,hit,0
20230709_VALENCIA_03.mp4,35.16545739,35.40537766,hit,0
20230709_VALENCIA_03.mp4,35.50820064,35.74812091,hit,0
20230709_VALENCIA_03.mp4,36.57070471,36.87917364,hit,0
20230709_VALENCIA_03.mp4,38.52434123,38.79853583,hit,0
20230709_VALENCIA_03.mp4,38.76426151,39.00418178,hit,0
20230709_VALENCIA_02.mp4,12.94676515,13.15516378,hit,0
20230709_VALENCIA_02.mp4,11.33167573,11.5661242,hit,0
20230709_VALENCIA_02.mp4,9.169539902,9.403988366,hit,0
20230709_VALENCIA_02.mp4,7.893098268,8.127546732,hit,0
20230709_VALENCIA_02.mp4,7.059503732,7.293952195,hit,0
20230709_VALENCIA_02.mp4,5.991460732,6.199859366,hit,0
20230709_VALENCIA_02.mp4,5.105766537,5.340215,hit,0
20230709_VALENCIA_02.mp4,3.673025927,3.881424561,hit,0
20230709_VALENCIA_02.mp4,2.657082585,2.891531049,hit,0
20230709_VALENCIA_02.mp4,1.77138839,2.031886683,hit,0
20230709_VALENCIA_02.mp4,0.70334539,0.937793854,hit,0
20230709_VALENCIA_02.mp4,14.952602,15.21310029,hit,0
20230709_VALENCIA_02.mp4,15.78619654,16.020645,hit,0
20230709_VALENCIA_02.mp4,17.63573441,17.94833237,hit,0
20230709_VALENCIA_02.mp4,18.28698015,18.5995781,hit,0
20230709_VALENCIA_02.mp4,16.22904363,16.56769141,hit,0
20230709_VALENCIA_02.mp4,19.8499699,20.08441837,hit,0
20230709_VALENCIA_02.mp4,20.81381359,21.04826205,hit,0
20230709_VALENCIA_02.mp4,22.29865385,22.50705249,hit,0
20230709_VALENCIA_02.mp4,23.00199924,23.23644771,hit,0
20230709_VALENCIA_02.mp4,24.59103883,24.77338763,hit,0
20230709_VALENCIA_02.mp4,27.87331732,28.18591527,hit,0
20230709_VALENCIA_02.mp4,26.46662654,26.72712483,hit,0
20230709_VALENCIA_02.mp4,25.633032,25.86748046,hit,0
20230806_MALAGA_00.mp4,4.184421715,4.375767113,hit,0
20230806_MALAGA_00.mp4,3.484500393,3.685916601,hit,0
20230806_MALAGA_00.mp4,2.08465775,2.366640441,hit,0
20230806_MALAGA_00.mp4,1.294099135,1.646577498,hit,0
20230806_MALAGA_00.mp4,0.317230527,0.508575924,hit,0
20230702_VALLADOLID_05.mp4,5.549536887,5.959234241,hit,0
20230702_VALLADOLID_05.mp4,5.102594319,5.475046459,hit,0
20230702_VALLADOLID_05.mp4,4.767387393,5.065349105,hit,0
20230702_VALLADOLID_05.mp4,4.245954397,4.618406537,hit,0
20230702_VALLADOLID_05.mp4,3.687276186,4.059728327,hit,0
20230702_VALLADOLID_05.mp4,2.905126692,3.389314474,hit,0
20230702_VALLADOLID_05.mp4,1.973996342,2.495429338,hit,0
20230702_VALLADOLID_05.mp4,0.93113035,1.378072918,hit,0
20230702_VALLADOLID_05.mp4,10.95009292,11.35979027,hit,0
20230702_VALLADOLID_05.mp4,11.54601634,11.88122327,hit,0
20230702_VALLADOLID_05.mp4,7.635268871,8.082211439,hit,0
20230702_VALLADOLID_05.mp4,14.74910475,15.12155689,hit,0
20230702_VALLADOLID_05.mp4,13.70623875,14.22767175,hit,0
20230702_VALLADOLID_05.mp4,13.22205097,13.63174833,hit,0
20230702_VALLADOLID_05.mp4,16.16442288,16.4996298,hit,0
20230702_VALLADOLID_05.mp4,16.90932716,17.35626973,hit,0
20230702_VALLADOLID_05.mp4,18.51087136,18.99505914,hit,0
20230702_VALLADOLID_05.mp4,22.01192148,22.49610926,hit,0
20230702_VALLADOLID_05.mp4,26.44410194,26.81655408,hit,0
20230702_VALLADOLID_05.mp4,25.17776467,25.62470724,hit,0
20230702_VALLADOLID_05.mp4,24.54459603,24.95429338,hit,0
20230702_VALLADOLID_05.mp4,24.09765346,24.39561517,hit,0
20230702_VALLADOLID_05.mp4,23.31550397,23.68795611,hit,0
20230702_VALLADOLID_05.mp4,30.61556591,31.17424412,hit,0
20230702_VALLADOLID_05.mp4,28.82779564,29.27473821,hit,0
20230702_VALLADOLID_05.mp4,27.63594879,28.08289136,hit,0
20230702_VALLADOLID_05.mp4,27.07727058,27.56145836,hit,0
20230702_VALLADOLID_05.mp4,33.81865432,34.3028421,hit,0
20230702_VALLADOLID_05.mp4,38.62328692,39.18196513,hit,0
20230702_VALLADOLID_05.mp4,37.245214,37.72940179,hit,0
20230702_VALLADOLID_05.mp4,40.07585027,40.4110572,hit,0
20230702_VALLADOLID_05.mp4,40.74626412,41.15596148,hit,0
20230702_VALLADOLID_05.mp4,44.73150202,45.06670895,hit,0
20230702_VALLADOLID_05.mp4,43.98659774,44.43354031,hit,0
20230702_VALLADOLID_05.mp4,43.16720303,43.53965517,hit,0
20230702_VALLADOLID_05.mp4,42.42229875,42.79475089,hit,0
20230702_VALLADOLID_05.mp4,41.86362054,42.23607268,hit,0
20230702_VALLADOLID_04.mp4,9.087009447,9.476850506,hit,0
20230702_VALLADOLID_04.mp4,8.697168388,8.957062427,hit,0
20230702_VALLADOLID_04.mp4,7.332724681,7.583336791,hit,0
20230702_VALLADOLID_04.mp4,4.213996209,4.511017969,hit,0
20230702_VALLADOLID_04.mp4,2.701041623,3.016627242,hit,0
20230702_VALLADOLID_04.mp4,2.042024595,2.348328284,hit,0
20230702_VALLADOLID_04.mp4,1.011730367,1.318034057,hit,0
20230702_VALLADOLID_04.mp4,6.553042563,6.803654673,hit,0
20230709_VALENCIA_01.mp4,3.860091267,4.302552321,hit,0
20230709_VALENCIA_01.mp4,1.693557828,2.197047994,hit,0
20230709_VALENCIA_01.mp4,0.381431943,0.732349331,hit,0
20230709_VALENCIA_01.mp4,6.118168371,6.392799371,hit,0
20230709_VALENCIA_01.mp4,7.354007868,7.872755311,hit,0
20230709_VALENCIA_01.mp4,8.62036192,9.017051141,hit,0
20230709_VALENCIA_01.mp4,13.59423446,13.92989457,hit,0
20230709_VALENCIA_01.mp4,12.29736585,12.63302596,hit,0
20230709_VALENCIA_01.mp4,11.79387569,12.1295358,hit,0
20230709_VALENCIA_01.mp4,15.71499607,16.09642801,hit,0
20230709_VALENCIA_00.mp4,0.042330973,0.550302652,hit,0
20230709_VALENCIA_00.mp4,1.43925309,1.862562823,hit,0
20230709_VALENCIA_00.mp4,3.725125646,4.190766352,hit,0
20230709_VALENCIA_00.mp4,4.529414138,5.07971679,hit,0
20230709_VALENCIA_00.mp4,5.503026522,5.968667228,hit,0
20230709_VALENCIA_00.mp4,6.349645987,6.857617666,hit,0
20230709_VALENCIA_00.mp4,9.016497302,9.524468981,hit,0
20230709_VALENCIA_00.mp4,10.62507429,11.13304596,hit,0
20230709_VALENCIA_00.mp4,11.89500348,12.40297516,hit,0
20230709_VALENCIA_00.mp4,13.9268902,14.30786896,hit,0
20230709_VALENCIA_00.mp4,12.91094684,13.33425657,hit,0
20230709_VALENCIA_00.mp4,17.18637514,17.65201585,hit,0
20230709_VALENCIA_00.mp4,18.45630434,19.04893796,hit,0
20230709_VALENCIA_00.mp4,15.62012913,16.08576983,hit,0
20230709_VALENCIA_00.mp4,19.85322645,20.27653619,hit,0
20230709_VALENCIA_00.mp4,21.37714149,21.92744414,hit,0
20230709_VALENCIA_00.mp4,22.81639458,23.23970431,hit,0
20230709_VALENCIA_00.mp4,25.4832459,25.90655563,hit,0
20230709_VALENCIA_00.mp4,30.60529366,31.19792728,hit,0
20230709_VALENCIA_00.mp4,28.91205473,29.37769544,hit,0
20230709_VALENCIA_00.mp4,27.76911845,28.27709013,hit,0
20230709_VALENCIA_00.mp4,26.96482996,27.47280164,hit,0
20230709_VALENCIA_00.mp4,32.21387064,32.63718038,hit,0
20230709_VALENCIA_00.mp4,33.10282108,33.56846179,hit,0
20230709_VALENCIA_00.mp4,35.26170072,35.7696724,hit,0
20230709_VALENCIA_00.mp4,34.37275028,34.83839098,hit,0
20230709_VALENCIA_00.mp4,34.07643347,34.45741223,hit,0
20230709_VALENCIA_00.mp4,36.8702777,37.25125646,hit,0
20230709_VALENCIA_00.mp4,37.29358743,37.67456619,hit,0
20230709_VALENCIA_00.mp4,37.84389008,38.18253787,hit,0
20230709_VALENCIA_00.mp4,38.69050955,39.02915734,hit,0
20230709_VALENCIA_00.mp4,40.34141751,40.80705821,hit,0
20230709_VALENCIA_00.mp4,42.4156352,42.92360687,hit,0
20230709_VALENCIA_00.mp4,43.60090245,44.10887413,hit,0
20230709_VALENCIA_00.mp4,45.84444403,46.35241571,hit,0
20230709_VALENCIA_00.mp4,47.28369712,47.70700685,hit,0
20230709_VALENCIA_00.mp4,48.4266334,48.84994313,hit,0
20230709_VALENCIA_00.mp4,47.87633075,48.2573095,hit,0
20230709_VALENCIA_00.mp4,51.38980152,51.85544223,hit,0
20230709_VALENCIA_00.mp4,50.07754135,50.58551303,hit,0
20230702_VALLADOLID_03.mp4,0.635216365,0.898064516,hit,0
20230702_VALLADOLID_03.mp4,1.489472856,1.818033045,hit,0
20230702_VALLADOLID_03.mp4,2.387537372,2.781809599,hit,0
20230702_VALLADOLID_03.mp4,7.184516129,7.44736428,hit,0
20230702_VALLADOLID_03.mp4,6.286451613,6.571203777,hit,0
20230702_VALLADOLID_03.mp4,5.519811172,5.848371361,hit,0
20230702_VALLADOLID_03.mp4,4.665554681,5.059826908,hit,0
20230702_VALLADOLID_03.mp4,3.329409913,3.614162077,hit,0
20230702_VALLADOLID_03.mp4,12.59480724,12.8795594,hit,0
20230702_VALLADOLID_03.mp4,11.10533438,11.43389457,hit,0
20230702_VALLADOLID_03.mp4,10.18536585,10.49202203,hit,0
20230702_VALLADOLID_03.mp4,9.024453186,9.353013375,hit,0
20230702_VALLADOLID_03.mp4,15.72708104,16.12135327,hit,0
20230702_VALLADOLID_03.mp4,16.51562549,16.86608969,hit,0
20230702_VALLADOLID_03.mp4,17.34797797,17.7422502,hit,0
20230702_VALLADOLID_03.mp4,20.08597954,20.41453973,hit,0
20230702_VALLADOLID_03.mp4,22.53922895,22.97730921,hit,0
20230702_VALLADOLID_02.mp4,3.019967512,3.385286163,hit,0
20230702_VALLADOLID_02.mp4,1.7778841,2.191911904,hit,0
20230702_VALLADOLID_02.mp4,6.259126215,6.673154019,hit,0
20230702_VALLADOLID_02.mp4,5.284943146,5.601552644,hit,0
20230702_VALLADOLID_02.mp4,10.42375883,10.76472291,hit,0
20230702_VALLADOLID_02.mp4,7.720400817,8.061364891,hit,0
20230702_VALLADOLID_02.mp4,8.913775076,9.25473915,hit,0
20230702_VALLADOLID_02.mp4,11.49536021,11.83632428,hit,0
20230702_VALLADOLID_02.mp4,12.32341582,12.66437989,hit,0
20230702_VALLADOLID_02.mp4,13.68727211,14.00388161,hit,0
20230702_VALLADOLID_02.mp4,17.51094066,17.778841,hit,0
20230702_VALLADOLID_02.mp4,17.02384912,17.29174946,hit,0
20230702_VALLADOLID_02.mp4,19.33753391,19.70285256,hit,0
20230702_VALLADOLID_02.mp4,22.28443769,22.67411092,hit,0
20230702_VALLADOLID_02.mp4,20.18994409,20.57961732,hit,0
20230702_VALLADOLID_02.mp4,21.91911904,22.23572854,hit,0
20230702_VALLADOLID_01.mp4,1.261604031,1.44497671,hit,0
20230702_VALLADOLID_01.mp4,2.310495755,2.537877877,hit,0
20230702_VALLADOLID_01.mp4,4.15889236,4.393609389,hit,0
20230702_VALLADOLID_01.mp4,5.970614428,6.168656921,hit,0
20230702_VALLADOLID_00.mp4,1.218165224,1.590382376,hit,0
20230702_VALLADOLID_00.mp4,2.233302911,2.639357986,hit,0
20230702_VALLADOLID_00.mp4,3.045413061,3.552981904,hit,0
20230702_VALLADOLID_00.mp4,4.500443745,4.771147128,hit,0
20230702_VALLADOLID_00.mp4,5.786284815,6.19233989,hit,0
20230702_VALLADOLID_00.mp4,6.226177813,6.632232887,hit,0
20230702_VALLADOLID_00.mp4,6.902936271,7.342829268,hit,0
20230702_VALLADOLID_00.mp4,8.154939418,8.594832415,hit,0
20230702_VALLADOLID_00.mp4,9.880673485,10.25289064,hit,0
20230702_VALLADOLID_00.mp4,11.33570417,11.70792132,hit,0
20230702_VALLADOLID_00.mp4,10.59126987,10.96348702,hit,0
20230702_VALLADOLID_00.mp4,12.38467978,12.75689693,hit,0
20230702_VALLADOLID_00.mp4,13.97506216,14.41495515,hit,0
20230702_VALLADOLID_00.mp4,16.00533753,16.44523053,hit,0
20230702_VALLADOLID_00.mp4,13.23062785,13.602845,hit,0
20230702_VALLADOLID_00.mp4,17.12198899,17.66339575,hit,0
20230702_VALLADOLID_00.mp4,19.32145397,19.72750905,hit,0
20230702_VALLADOLID_00.mp4,20.26891581,20.64113297,hit,0
20230702_VALLADOLID_00.mp4,21.11486389,21.55475688,hit,0
20230702_VALLADOLID_00.mp4,22.87443588,23.24665303,hit,0
20230702_VALLADOLID_00.mp4,24.83703541,25.20925256,hit,0
20230702_VALLADOLID_00.mp4,27.47639339,27.91628639,hit,0
20230702_VALLADOLID_00.mp4,26.9011487,27.23952793,hit,0
20230702_VALLADOLID_00.mp4,30.01423761,30.45413061,hit,0
20230702_VALLADOLID_00.mp4,30.96169945,31.36775452,hit,0
20230702_VALLADOLID_00.mp4,33.02581275,33.3980299,hit,0
20230702_VALLADOLID_00.mp4,34.75154681,35.19143981,hit,0
20230702_VALLADOLID_00.mp4,37.93231157,38.33836664,hit,0
20230702_VALLADOLID_00.mp4,38.60907002,38.94744925,hit,0
20230702_VALLADOLID_00.mp4,37.12020142,37.59393234,hit,0
20230702_VALLADOLID_00.mp4,40.1994524,40.60550747,hit,0
20230702_VALLADOLID_00.mp4,39.65804563,40.09793863,hit,0
20230604_BRUSSEL_00.mp4,0.496407022,0.714826112,hit,0
20230604_BRUSSEL_00.mp4,1.58850247,1.80692156,hit,0
20230604_BRUSSEL_00.mp4,6.98941087,7.227686241,hit,0
20230604_BRUSSEL_00.mp4,6.036309388,6.254728478,hit,0
20230604_BRUSSEL_00.mp4,4.924357659,5.122920467,hit,0
20230604_BRUSSEL_00.mp4,9.650152508,9.868571598,hit,0
20230604_BRUSSEL_00.mp4,13.04557654,13.26399563,hit,0
20230604_BRUSSEL_00.mp4,11.95348109,12.1520439,hit,0
20230604_BRUSSEL_00.mp4,15.56732421,15.7857433,hit,0
20230604_BRUSSEL_00.mp4,16.6197071,16.83812619,hit,0
20230604_BRUSSEL_00.mp4,20.41225675,20.59096327,hit,0
20230604_BRUSSEL_00.mp4,18.78404171,19.0024608,hit,0
20230604_BRUSSEL_00.mp4,21.52420848,21.72277128,hit,0
20230604_BRUSSEL_00.mp4,23.09285466,23.29141747,hit,0
20230604_BRUSSEL_01.mp4,6.319937057,6.552572777,hit,0
20230604_BRUSSEL_01.mp4,4.575169158,4.788418568,hit,0
20230604_BRUSSEL_01.mp4,3.431376869,3.664012589,hit,0
20230604_BRUSSEL_01.mp4,1.531518489,1.744767899,hit,0
20230604_BRUSSEL_01.mp4,0.46527144,0.67852085,hit,0
20230604_BRUSSEL_01.mp4,8.394272227,8.588135327,hit,0
20230604_BRUSSEL_01.mp4,7.483115657,7.676978757,hit,0
20230604_BRUSSEL_01.mp4,13.66734854,13.86121164,hit,0
20230604_BRUSSEL_01.mp4,13.04698662,13.24084972,hit,0
20230604_BRUSSEL_01.mp4,12.65926042,12.85312352,hit,0
20230604_BRUSSEL_01.mp4,11.96135327,12.13583006,hit,0
20230604_BRUSSEL_01.mp4,11.41853659,11.61239969,hit,0
20230604_BRUSSEL_01.mp4,10.81756098,11.01142408,hit,0
20230604_BRUSSEL_01.mp4,10.37167585,10.58492526,hit,0
20230604_BRUSSEL_01.mp4,9.848245476,10.04210858,hit,0
20230604_BRUSSEL_01.mp4,16.03247836,16.22634146,hit,0
20230604_BRUSSEL_01.mp4,18.08742722,18.33944925,hit,0
20230604_BRUSSEL_01.mp4,18.68840283,18.88226593,hit,0
20230604_BRUSSEL_01.mp4,19.36692368,19.58017309,hit,0
20230604_BRUSSEL_01.mp4,21.09230527,21.22800944,hit,0
20230604_BRUSSEL_01.mp4,21.57696302,21.79021243,hit,0
20230604_BRUSSEL_02.mp4,13.5943015,13.98885906,hit,0
20230604_BRUSSEL_02.mp4,11.76498916,12.12367786,hit,0
20230604_BRUSSEL_02.mp4,9.110692826,9.46938152,hit,0
20230604_BRUSSEL_02.mp4,7.532462573,7.855282397,hit,0
20230604_BRUSSEL_02.mp4,6.384658752,6.743347446,hit,0
20230604_BRUSSEL_02.mp4,4.519477544,4.842297368,hit,0
20230604_BRUSSEL_02.mp4,3.371673723,3.658624678,hit,0
20230604_BRUSSEL_02.mp4,2.439083119,2.726034074,hit,0
20230604_BRUSSEL_02.mp4,1.542361384,1.829312339,hit,0
20230604_BRUSSEL_02.mp4,13.02039959,13.23561281,hit,0
20230604_BRUSSEL_02.mp4,14.8855808,15.17253175,hit,0
20230604_BRUSSEL_02.mp4,15.53122045,15.88990914,hit,0
20230604_BRUSSEL_02.mp4,16.89423748,17.21705731,hit,0
20230604_BRUSSEL_02.mp4,16.03338462,16.32033557,hit,0
20230604_BRUSSEL_02.mp4,18.36486113,18.65181208,hit,0
20230604_BRUSSEL_02.mp4,17.82682809,18.18551678,hit,0
20230604_BRUSSEL_02.mp4,23.42237171,23.74519154,hit,0
20230604_BRUSSEL_02.mp4,21.62892824,22.05935468,hit,0
20230604_BRUSSEL_02.mp4,20.94741973,21.30610842,hit,0
20230604_BRUSSEL_02.mp4,20.01482912,20.37351782,hit,0
20230604_BRUSSEL_02.mp4,27.90598039,28.22880021,hit,0
20230604_BRUSSEL_02.mp4,25.8973237,26.22014353,hit,0
20230604_BRUSSEL_02.mp4,33.86021271,34.2189014,hit,0
20230604_BRUSSEL_02.mp4,33.07109758,33.39391741,hit,0
20230604_BRUSSEL_02.mp4,31.85155602,32.17437585,hit,0
20230604_BRUSSEL_02.mp4,30.91896542,31.24178524,hit,0
20230604_BRUSSEL_02.mp4,29.73529273,30.05811255,hit,0
20230604_BRUSSEL_02.mp4,35.65365618,35.976476,hit,0
20230604_BRUSSEL_02.mp4,35.0438854,35.40257409,hit,0
20230604_BRUSSEL_02.mp4,37.08841095,37.44709965,hit,0
20230604_BRUSSEL_02.mp4,40.67529789,41.06985546,hit,0
20230604_BRUSSEL_02.mp4,41.93070832,42.36113475,hit,0
20230604_BRUSSEL_02.mp4,42.75569232,43.0067744,hit,0
20230604_BRUSSEL_03.mp4,5.804563277,6.062543867,hit,0
20230604_BRUSSEL_03.mp4,2.502411724,2.837786491,hit,0
20230604_BRUSSEL_03.mp4,1.418893245,1.702671895,hit,0
20230604_BRUSSEL_03.mp4,8.874532299,9.132512889,hit,0
20230604_BRUSSEL_03.mp4,8.023196352,8.306975001,hit,0
20230604_BRUSSEL_03.mp4,7.197658463,7.481437113,hit,0
20230604_BRUSSEL_03.mp4,10.60300225,10.86098284,hit,0
20230604_BRUSSEL_03.mp4,13.36339457,13.67297127,hit,0
20230604_BRUSSEL_03.mp4,17.23310342,17.54268013,hit,0
20230604_BRUSSEL_03.mp4,18.72939084,18.96157337,hit,0
20230604_BRUSSEL_03.mp4,19.42593843,19.73551514,hit,0
20230604_BRUSSEL_03.mp4,21.20600451,21.38659092,hit,0
20230604_BRUSSEL_03.mp4,22.65069581,22.93447446,hit,0
20230604_BRUSSEL_03.mp4,23.94059876,24.22437741,hit,0
20230604_BRUSSEL_03.mp4,26.64939496,26.90737555,hit,0
20230604_BRUSSEL_03.mp4,27.73291343,27.99089402,hit,0
20230604_BRUSSEL_03.mp4,29.17760474,29.46138339,hit,0
20230604_BRUSSEL_03.mp4,30.2095271,30.51910381,hit,0
20230604_BRUSSEL_04.mp4,7.930309992,8.068078678,hit,0
20230604_BRUSSEL_04.mp4,6.13070653,6.337359559,hit,0
20230604_BRUSSEL_04.mp4,4.210555468,4.42581904,hit,0
20230604_BRUSSEL_04.mp4,3.762807238,4.003902439,hit,0
20230604_BRUSSEL_04.mp4,2.557331235,2.763984264,hit,0
20230604_BRUSSEL_05.mp4,5.851946499,6.292846577,hit,0
20230604_BRUSSEL_05.mp4,3.166464201,3.647446105,hit,0
20230604_BRUSSEL_05.mp4,1.042127459,1.442945712,hit,0
20230604_BRUSSEL_05.mp4,0,0.360736428,hit,0
20230604_BRUSSEL_05.mp4,6.413092054,6.733746656,hit,0
20230604_BRUSSEL_05.mp4,7.094483084,7.535383163,hit,0
20230604_BRUSSEL_05.mp4,8.33701967,8.657674272,hit,0
20230604_BRUSSEL_05.mp4,9.419228954,9.820047207,hit,0
20230604_BRUSSEL_05.mp4,10.90225649,11.30307474,hit,0
20230604_BRUSSEL_05.mp4,12.82618411,13.18692054,hit,0
20230604_BRUSSEL_05.mp4,13.86831157,14.18896617,hit,0
20230604_BRUSSEL_05.mp4,14.7100299,15.11084815,hit,0
20230604_BRUSSEL_05.mp4,16.67403934,17.07485759,hit,0
20230604_BRUSSEL_05.mp4,15.95256648,16.31330291,hit,0
20230604_BRUSSEL_05.mp4,17.79633045,18.11698505,hit,0
20230604_BRUSSEL_05.mp4,19.39960346,19.80042172,hit,0
20230604_BRUSSEL_05.mp4,20.882631,21.2032856,hit,0
20230604_BRUSSEL_05.mp4,22.16524941,22.48590401,hit,0
20230604_BRUSSEL_05.mp4,22.84664044,23.24745869,hit,0
20230604_BRUSSEL_05.mp4,24.08917703,24.40983163,hit,0
20230604_BRUSSEL_05.mp4,24.85073171,25.25154996,hit,0
20230604_BRUSSEL_05.mp4,26.37384107,26.65441385,hit,0
20230604_BRUSSEL_05.mp4,27.89695043,28.29776869,hit,0
20230604_BRUSSEL_05.mp4,29.17956884,29.5803871,hit,0
20230604_BRUSSEL_05.mp4,30.5423509,30.90308733,hit,0
20230604_BRUSSEL_05.mp4,32.30595122,32.66668765,hit,0
20230604_BRUSSEL_05.mp4,33.78897876,34.22987884,hit,0
20230604_BRUSSEL_05.mp4,37.03560661,37.35626121,hit,0
20230604_BRUSSEL_05.mp4,35.9133155,36.27405193,hit,0
20230604_BRUSSEL_05.mp4,35.31208812,35.63274272,hit,0
20230604_BRUSSEL_05.mp4,38.4384705,38.83928875,hit,0
20230604_BRUSSEL_05.mp4,39.48059795,39.80125256,hit,0
20230604_BRUSSEL_05.mp4,40.64297089,41.04378914,hit,0
20230604_BRUSSEL_05.mp4,42.00575295,42.32640755,hit,0
20230604_BRUSSEL_05.mp4,41.40452557,41.84542565,hit,0
20230604_BRUSSEL_05.mp4,42.92763493,43.24828954,hit,0
20230604_BRUSSEL_05.mp4,44.21025334,44.57098977,hit,0
20230604_BRUSSEL_05.mp4,48.81966326,49.18039969,hit,0
20230604_BRUSSEL_05.mp4,48.17835405,48.53909048,hit,0
20230604_BRUSSEL_05.mp4,47.4568812,47.81761762,hit,0
20230604_BRUSSEL_05.mp4,47.05606294,47.33663572,hit,0
20230604_BRUSSEL_05.mp4,46.17426279,46.53499921,hit,0
20230604_BRUSSEL_05.mp4,45.33254445,45.77344453,hit,0
20230604_BRUSSEL_06.mp4,1.022489378,1.455081039,hit,0
20230604_BRUSSEL_06.mp4,2.202284815,2.556223446,hit,0
20230604_BRUSSEL_06.mp4,4.915814319,5.230426436,hit,0
20230604_BRUSSEL_06.mp4,6.134936271,6.528201416,hit,0
20230604_BRUSSEL_06.mp4,5.505712038,5.820324154,hit,0
20230604_BRUSSEL_06.mp4,8.927118804,9.32038395,hit,0
20230604_BRUSSEL_06.mp4,11.12940362,11.48334225,hit,0
20230604_BRUSSEL_06.mp4,12.93842329,13.33168843,hit,0
20230604_BRUSSEL_06.mp4,13.37101495,13.68562707,hit,0
20230604_BRUSSEL_06.mp4,14.55081039,14.94407553,hit,0
20230604_BRUSSEL_06.mp4,15.92723839,16.28117703,hit,0
20230604_BRUSSEL_06.mp4,16.55646263,16.91040126,hit,0
20230604_BRUSSEL_06.mp4,17.73625806,18.05087018,hit,0
20230604_BRUSSEL_06.mp4,19.07335956,19.38797168,hit,0
20230604_BRUSSEL_06.mp4,20.29248151,20.68574666,hit,0
20230604_BRUSSEL_06.mp4,22.02284815,22.33746027,hit,0
20230604_BRUSSEL_06.mp4,22.73072541,23.08466404,hit,0
20230604_BRUSSEL_06.mp4,24.26445948,24.5790716,hit,0
20230604_BRUSSEL_06.mp4,25.64088749,25.95549961,hit,0
20230604_BRUSSEL_06.mp4,27.09596853,27.37125413,hit,0
20230604_BRUSSEL_06.mp4,28.47239654,28.86566168,hit,0
20230604_BRUSSEL_06.mp4,30.20276318,30.47804878,hit,0
20230604_BRUSSEL_06.mp4,30.75333438,31.0679465,hit,0
20230604_BRUSSEL_06.mp4,32.24774194,32.56235405,hit,0
20230604_BRUSSEL_06.mp4,32.99494571,33.30955783,hit,0
20230604_BRUSSEL_06.mp4,34.88261841,35.19723053,hit,0
20230604_BRUSSEL_06.mp4,34.41070024,34.72531235,hit,0
20230604_BRUSSEL_06.mp4,33.89945555,34.25339418,hit,0
20230604_BRUSSEL_06.mp4,37.75345397,38.02873958,hit,0
20230604_BRUSSEL_06.mp4,40.15237136,40.58496302,hit,0
20230604_BRUSSEL_06.mp4,41.80408497,42.11869709,hit,0
20230604_BRUSSEL_06.mp4,43.65243116,44.0456963,hit,0
20230604_BRUSSEL_06.mp4,46.13000157,46.56259323,hit,0
20230604_BRUSSEL_06.mp4,47.74238867,48.0963273,hit,0
20230604_BRUSSEL_07.mp4,0.357178071,0.692032512,hit,0
20230604_BRUSSEL_07.mp4,1.384065024,1.718919466,hit,0
20230604_BRUSSEL_07.mp4,5.357671062,5.580907356,hit,0
20230604_BRUSSEL_07.mp4,8.683891847,8.974099029,hit,0
20230604_BRUSSEL_07.mp4,9.442895247,9.688455171,hit,0
20230604_BRUSSEL_07.mp4,8.237419258,8.438331923,hit,0
20230604_BRUSSEL_07.mp4,10.26886954,10.4697822,hit,0
20230604_BRUSSEL_07.mp4,11.09484382,11.29575649,hit,0
20230604_BRUSSEL_07.mp4,12.67982151,12.92538144,hit,0
20230604_BRUSSEL_07.mp4,13.05932321,13.26023588,hit,0
20230604_BRUSSEL_07.mp4,15.29168616,15.55956971,hit,0
20230604_BRUSSEL_07.mp4,14.51035913,14.77824268,hit,0
20230604_BRUSSEL_07.mp4,18.88579049,19.15367405,hit,0
20230604_BRUSSEL_07.mp4,17.54637273,17.79193265,hit,0
20230604_BRUSSEL_07.mp4,20.71632811,20.96188803,hit,0
20230604_BRUSSEL_07.mp4,21.96645135,22.23433491,hit,0
20230604_BRUSSEL_07.mp4,23.10495646,23.32819275,hit,0
20230604_BRUSSEL_08.mp4,4.147411487,4.30527144,hit,0
20230604_BRUSSEL_08.mp4,3.013690008,3.272006294,hit,0
20230604_BRUSSEL_08.mp4,2.339197482,2.554461054,hit,0
20230604_BRUSSEL_08.mp4,1.219826908,1.43509048,hit,0
20230604_BRUSSEL_08.mp4,9.643808025,9.830369788,hit,0
20230604_BRUSSEL_08.mp4,7.605979544,7.792541306,hit,0
20230604_BRUSSEL_08.mp4,6.945837923,7.204154209,hit,0
20230604_BRUSSEL_08.mp4,6.041730921,6.271345397,hit,0
20230604_BRUSSEL_09.mp4,0.600488862,0.806906909,hit,0
20230604_BRUSSEL_09.mp4,2.289363788,2.514547111,hit,0
20230604_BRUSSEL_09.mp4,2.908617927,3.115035973,hit,0
20230604_BRUSSEL_09.mp4,4.24095259,4.447370637,hit,0
20230604_BRUSSEL_09.mp4,5.948592792,6.173776116,hit,0
20230604_BRUSSEL_09.mp4,8.894741273,9.119924596,hit,0
20230604_BRUSSEL_09.mp4,8.500670457,8.688323227,hit,0
20230604_BRUSSEL_09.mp4,7.431049671,7.637467718,hit,0
20230604_BRUSSEL_09.mp4,8.012773256,8.200426026,hit,0
20230604_BRUSSEL_09.mp4,6.868091363,7.055744132,hit,0
20230604_BRUSSEL_09.mp4,9.664117628,9.83300512,hit,0
20230604_BRUSSEL_09.mp4,10.00189261,10.20831066,hit,0
20230604_BRUSSEL_09.mp4,10.52732037,10.67744258,hit,0
20230604_BRUSSEL_09.mp4,10.99645229,11.16533978,hit,0
20230604_BRUSSEL_09.mp4,11.35299255,11.52188005,hit,0
20230604_BRUSSEL_09.mp4,12.06607308,12.27249112,hit,0
20230604_BRUSSEL_09.mp4,12.44137862,12.62903139,hit,0
20230604_BRUSSEL_09.mp4,13.34211191,13.49223413,hit,0
20230604_BRUSSEL_09.mp4,15.19987433,15.36876182,hit,0
20230604_BRUSSEL_09.mp4,16.23196456,16.38208677,hit,0
20230604_BRUSSEL_09.mp4,17.84577838,18.0709617,hit,0
20230604_BRUSSEL_09.mp4,18.65268529,18.84033806,hit,0
20230604_BRUSSEL_09.mp4,20.22896855,20.45415187,hit,0
20230604_BRUSSEL_09.mp4,21.56130321,21.76772126,hit,0
20230604_BRUSSEL_10.mp4,4.21282145,4.458012116,hit,0
20230604_BRUSSEL_10.mp4,3.610989814,3.83389042,hit,0
20230604_BRUSSEL_10.mp4,3.276638906,3.521829572,hit,0
20230604_BRUSSEL_10.mp4,2.429616603,2.652517209,hit,0
20230604_BRUSSEL_10.mp4,1.872365089,2.117555755,hit,0
20230604_BRUSSEL_10.mp4,1.13679309,1.381983756,hit,0
20230604_BRUSSEL_10.mp4,0.245190666,0.468091272,hit,0
20230604_BRUSSEL_10.mp4,4.836943146,5.037553692,hit,0
20230604_BRUSSEL_10.mp4,6.263507024,6.486407629,hit,0
20230604_BRUSSEL_10.mp4,8.269612476,8.514803142,hit,0
20230604_BRUSSEL_10.mp4,9.740756474,9.919076959,hit,0
20230604_BRUSSEL_10.mp4,10.56548872,10.76609926,hit,0
20230604_BRUSSEL_10.mp4,11.05587005,11.23419053,hit,0
20230604_BRUSSEL_10.mp4,13.01739538,13.24029599,hit,0
20230604_BRUSSEL_10.mp4,13.84212762,14.10960835,hit,0
20230604_BRUSSEL_10.mp4,16.42777465,16.67296532,hit,0
20230604_BRUSSEL_10.mp4,20.19479489,20.41769549,hit,0
20230604_BRUSSEL_10.mp4,21.79967925,22.02257986,hit,0
20230604_BRUSSEL_10.mp4,22.53525125,22.75815185,hit,0
20230604_BRUSSEL_10.mp4,23.67204434,23.917235,hit,0
20230604_BRUSSEL_10.mp4,24.25158591,24.49677658,hit,0
20230604_BRUSSEL_10.mp4,24.80883743,25.03173803,hit,0
20230604_BRUSSEL_10.mp4,26.83723294,27.06013355,hit,0
20230604_BRUSSEL_10.mp4,26.54746215,26.77036276,hit,0
20230604_BRUSSEL_11.mp4,1.986215578,2.208276947,hit,0
20230604_BRUSSEL_11.mp4,3.367930763,3.577655389,hit,0
20230604_BRUSSEL_11.mp4,1.246011015,1.492745869,hit,0
20230604_BRUSSEL_11.mp4,0.160377655,0.320755311,hit,0
20230604_BRUSSEL_11.mp4,6.489126672,6.649504327,hit,0
20230604_BRUSSEL_11.mp4,7.7968214,8.018882769,hit,0
20230604_BRUSSEL_11.mp4,9.42527144,9.69667978,hit,0
20230604_BRUSSEL_11.mp4,11.00437451,11.22643588,hit,0
20230604_BRUSSEL_11.mp4,12.65749803,12.91656963,hit,0
